Title,Rating,Votes,Duration,Genre
1. The Unholy Trinity,6.2, (294),1h 35m,Action
2. Gladiator II,6.5, (250K),2h 28m,Action
3. Dune: Part Two,8.5, (640K),2h 46m,Action
4. Venom: The Last Dance,6.0, (128K),1h 50m,Action
5. The Beekeeper,6.3, (161K),1h 45m,Action
6. Civil War,7.0, (243K),1h 49m,Action
7. Twisters,6.5, (175K),2h 2m,Action
8. The Ministry of Ungentlemanly Warfare,6.8, (139K),2h 2m,Action
9. Deadpool & Wolverine,7.5, (506K),2h 8m,Action
10. Kraven the Hunter,5.5, (62K),2h 7m,Action
11. Carry-On,6.5, (171K),1h 59m,Action
12. The Fall Guy,6.8, (226K),2h 6m,Action
13. Furiosa: A Mad Max Saga,7.5, (291K),2h 28m,Action
14. Madame Web,4.1, (103K),1h 56m,Action
15. Freaky Tales,6.2, (7K),1h 47m,Action
16. Cells at Work!,6.7, (638),1h 49m,Action
17. Sonic the Hedgehog 3,6.9, (64K),1h 50m,Action
18. The Count of Monte-Cristo,7.6, (37K),2h 58m,Action
19. Dirty Angels,4.4, (3.9K),1h 44m,Action
20. Rebel Ridge,6.8, (91K),2h 11m,Action
21. Fight or Flight,6.4, (14K),1h 42m,Action
22. Borderlands,4.7, (50K),1h 41m,Action
23. Transformers One,7.6, (54K),1h 44m,Action
24. Argylle,5.6, (94K),2h 19m,Action
25. Godzilla x Kong: The New Empire,6.0, (124K),1h 55m,Action
26. Road House,6.2, (170K),2h 1m,Action
27. Kingdom of the Planet of the Apes,6.8, (154K),2h 25m,Action
28. Elevation,5.6, (24K),1h 31m,Action
29. Damsel,6.1, (111K),1h 50m,Action
30. Bad Boys: Ride or Die,6.5, (102K),1h 55m,Action
31. Absolution,5.2, (8.8K),1h 52m,Action
32. The Prosecutor,6.6, (2.5K),1h 57m,Action
33. The Union,5.4, (54K),1h 47m,Action
34. Maharaja,8.4, (70K),2h 21m,Action
35. Land of Bad,6.6, (52K),1h 53m,Action
36. The Crow,4.7, (36K),1h 51m,Action
37. Red One,6.3, (142K),2h 3m,Action
38. The Lord of the Rings: The War of the Rohirrim,6.3, (33K),2h 14m,Action
39. The Instigators,6.2, (39K),1h 41m,Action
40. Kung Fu Panda 4,6.3, (70K),1h 34m,Action
41. Homestead,5.2, (4.1K),1h 52m,Action
42. Survive,4.6, (3K),1h 30m,Action
43. Drive-Away Dolls,5.4, (24K),1h 24m,Action
44. Monkey Man,6.8, (93K),2h 1m,Action
45. The Killer,5.7, (13K),2h 6m,Action
46. The Shadow Strays,6.5, (9.6K),2h 24m,Action
47. Beverly Hills Cop: Axel F,6.4, (82K),1h 58m,Action
48. Canary Black,5.4, (12K),1h 41m,Action
49. Arcadian,5.5, (24K),1h 32m,Action
50. The Killer's Game,5.8, (18K),1h 44m,Action
51. Old Guy,5.2, (3K),1h 34m,Action
52. William Tell,5.7, (3K),2h 14m,Action
53. 40 Acres,6.9, (326),1h 53m,Action
54. Attack on Titan the Movie: The Last Attack,9.2, (17K),2h 25m,Action
55. Uglies,4.7, (34K),1h 40m,Action
56. Uninvited,5.8, (293),1h 33m,Action
57. Blitz,6.2, (17K),2h,Action
58. Under Paris,5.2, (37K),1h 44m,Action
59. Atlas,5.6, (57K),1h 58m,Action
60. Thelma,7.0, (24K),1h 38m,Action
61. Lift,5.5, (50K),1h 47m,Action
62. Azrael,5.4, (12K),1h 26m,Action
63. Twilight of the Warriors: Walled In,7.0, (10K),2h 6m,Action
64. Pushpa: The Rule - Part 2,6.1, (58K),3h 21m,Action
65. Armor,3.6, (4.5K),1h 29m,Action
66. 11 Rebels,6.3, (657),2h 35m,Action
67. Solo Leveling: ReAwakening,8.8, (14K),2h 1m,Action
68. Hellboy: The Crooked Man,4.5, (14K),1h 39m,Action
69. The Silent Hour,6.1, (8.3K),1h 39m,Action
70. Apocalypse Z: The Beginning of the End,6.1, (21K),1h 57m,Action
71. Kalki 2898-AD,7.0, (68K),3h,Action
72. Brothers,5.4, (14K),1h 29m,Action
73. Take Cover,5.1, (2.8K),1h 30m,Action
74. Trigger Warning,4.6, (20K),1h 46m,Action
75. Rebel Moon - Part Two: The Scargiver,5.3, (60K),2h 2m,Action
76. Relay,7.5, (124),1h 52m,Action
77. Red Right Hand,5.5, (6K),1h 51m,Action
78. Fighter,6.2, (53K),2h 46m,Action
79. Dan Da Dan: First Encounter,8.2, (2.9K),1h 23m,Action
80. Watchmen: Chapter I,7.1, (7K),1h 23m,Action
81. Jackpot!,5.8, (31K),1h 46m,Action
82. Aftermath,5.1, (4.3K),1h 37m,Action
83. Weekend in Taipei,5.7, (5.3K),1h 40m,Action
84. Amaran,8.1, (19K),2h 47m,Action
85. Aavesham,7.8, (29K),2h 35m,Action
86. The Fix,4.7, (1.5K),1h 38m,Action
87. Marco,6.8, (22K),2h 25m,Action
88. Cloud,6.3, (1.5K),2h 4m,Action
89. Uprising,6.6, (5.9K),2h 6m,Action
90. Utopia,3.6, (401),1h 31m,Action
91. Trouble,6.2, (7.1K),1h 38m,Action
92. Werewolves,4.4, (7.5K),1h 33m,Action
93. Harbin,6.2, (938),1h 48m,Action
94. Classified,3.7, (2.8K),1h 45m,Action
95. The Roundup: Punishment,6.6, (5.6K),1h 49m,Action
96. No Way Up,4.6, (11K),1h 30m,Action
97. My Spy: The Eternal City,5.7, (11K),1h 52m,Action
98. Bougainvillea,6.4, (3.4K),2h 18m,Action
99. Paradox Effect,5.8, (8.8K),1h 27m,Action
100. Role Play,5.5, (19K),1h 40m,Action
101. Karma,7.9, (1.5K),2h 47m,Action
102. The Last Stand of Ellen Cole,7.1, (68),1h 37m,Action
103. Descendants: The Rise of Red,4.7, (7.2K),1h 31m,Action
104. Watchmen: Chapter II,7.1, (3.4K),1h 30m,Action
105. Chief of Station,4.7, (4.8K),1h 37m,Action
106. Wynonna Earp: Vengeance,5.5, (1.7K),1h 36m,Action
107. Hagen,6.0, (1.4K),2h 19m,Action
108. Boneyard,4.1, (5.2K),1h 36m,Action
109. Khadaan,7.1, (2.2K),2h 17m,Action
110. Night Call,6.8, (2.3K),1h 37m,Action
111. Justice League: Crisis on Infinite Earths - Part One,6.2, (8.8K),1h 33m,Action
112. Damaged,4.7, (7.6K),1h 37m,Action
113. Xiong shi shao nian 2,7.5, (354),2h 14m,Action
114. Toofan,7.4, (8.6K),2h 25m,Action
115. Officer Black Belt,6.9, (8.7K),1h 48m,Action
116. Yodha,5.7, (9K),2h 10m,Action
117. Justice League: Crisis on Infinite Earths - Part Three,6.1, (4.8K),1h 34m,Action
118. Shark Warning,3.4, (350),1h 34m,Action
119. Saripodhaa Sanivaaram,7.0, (9.9K),2h 46m,Action
120. Chandu Champion,7.8, (34K),2h 22m,Action
121. The Quiet Ones,6.1, (1K),1h 50m,Action
122. My Hero Academia: You're Next,7.0, (2.6K),1h 50m,Action
123. Singham Again,4.6, (75K),2h 24m,Action
124. Gunner,3.2, (2.8K),1h 46m,Action
125. Devara Part 1,6.0, (21K),2h 56m,Action
126. Panda Plan,5.1, (1.5K),1h 39m,Action
127. Long Gone Heroes,5.1, (1.3K),1h 41m,Action
128. Latency,4.2, (2.9K),1h 34m,Action
129. Code 8: Part II,5.7, (16K),1h 40m,Action
130. Sikandar ka Muqaddar,5.9, (25K),2h 22m,Action
131. Overlord: The Sacred Kingdom,6.9, (1.4K),2h 15m,Action
132. River of Blood,5.0, (2K),1h 26m,Action
133. Alien: Rubicon,2.5, (420),1h 26m,Action
134. Baby John,5.1, (17K),2h 39m,Action
135. Terminator: Skynet Rising,6.7, (282),1h 28m,Action
136. Escape from the 21st Century,6.4, (1K),1h 38m,Action
137. Badland Hunters,5.9, (13K),1h 47m,Action
138. Jigra,6.0, (24K),2h 33m,Action
139. Vedaa,6.0, (4.5K),2h 25m,Action
140. Viduthalai Part 2,7.8, (16K),2h 50m,Action
141. Demon Slayer: Kimetsu No Yaiba - To the Hashira Training,7.2, (8.8K),1h 44m,Action
142. Kanguva,4.5, (15K),2h 32m,Action
143. Bohurupi,7.9, (1.7K),2h 35m,Action
144. One More Shot,5.4, (3.8K),1h 43m,Action
145. Duchess,4.6, (1.6K),1h 54m,Action
146. Joe Baby,5.1, (97),1h 26m,Action
147. Son's Will,7.4, (1K),2h 28m,Action
148. The Wages of Fear,4.6, (4.2K),1h 44m,Action
149. Lal Salaam,4.5, (1.4K),2h 30m,Action
150. Vettaiyan,6.9, (40K),2h 43m,Action
151. Striking Rescue,5.6, (676),1h 51m,Action
152. Raayan,6.5, (11K),2h 25m,Action
153. Black Heat,8.1, (133),1h 33m,Action
154. Captain Miller,6.9, (11K),2h 37m,Action
155. A.R.M,7.1, (8.9K),2h 30m,Action
156. Hanu Man,7.7, (29K),2h 38m,Action
157. The Twisters,2.6, (393),1h 26m,Action
158. Hitpig,5.1, (1.1K),1h 26m,Action
159. Escape,6.4, (2.2K),1h 34m,Action
160. Anaconda,4.9, (665),1h 24m,Action
161. Ka Whawhai Tonu,7.2, (199),1h 55m,Action
162. City Hunter,6.3, (5.7K),1h 42m,Action
163. Elyas,6.1, (1.5K),1h 45m,Action
164. Justice League: Crisis on Infinite Earths - Part Two,5.5, (5.6K),1h 34m,Action
165. Despatch,4.4, (4.5K),2h 33m,Action
166. Bade Miyan Chote Miyan,3.7, (39K),2h 43m,Action
167. The Courier,6.0, (4.5K),1h 41m,Action
168. The Family Star,5.4, (5.6K),2h 39m,Action
169. Hijack 1971,6.8, (3.4K),1h 40m,Action
170. S.T.A.L.K.E.R.: Shadow of the Zone,4.9, (604),1h 11m,Action
171. Ultraman: Rising,6.9, (6.6K),1h 57m,Action
172. Bagheera,6.7, (7.5K),2h 38m,Action
173. Dominique,5.3, (2.3K),1h 40m,Action
174. Cash Out,4.8, (3.1K),1h 32m,Action
175. Alienoid: The Return to the Future,6.5, (2.7K),2h 2m,Action
176. Article 370,7.8, (25K),2h 38m,Action
177. The Greatest of All Time,5.7, (23K),3h 3m,Action
178. Deep Six,3.6, (280),1h 38m,Action
180. Handsome Guys,6.5, (953),1h 41m,Action
181. Thangalaan,6.5, (6.8K),2h 36m,Action
182. Baby Invasion,4.6, (568),1h 20m,Action
183. Mani nude,6.6, (55),1h 24m,Action
184. Prey,3.7, (3.4K),1h 26m,Action
185. Sixty Minutes,5.7, (5.3K),1h 28m,Action
186. Guntur Karam,5.4, (25K),2h 39m,Action
187. Megamind vs. The Doom Syndicate,2.5, (5.7K),1h 23m,Action
188. Lights Out,4.9, (1.8K),1h 30m,Action
189. A Legend,4.7, (1K),2h 9m,Action
190. Life After Fighting,6.4, (2.1K),2h 6m,Action
191. Pani,6.9, (3.3K),2h 23m,Action
192. One Fast Move,5.0, (2.3K),1h 48m,Action
193. Troubleshooters,6.5, (435),1h 50m,Action
194. Agent Recon,2.4, (742),1h 25m,Action
195. Double iSmart,2.9, (2.2K),2h 36m,Action
196. Die Hart: Die Harter,4.3, (5.6K),1h 32m,Action
197. 200% Wolf,5.9, (1.3K),1h 38m,Action
198. Agni,7.2, (15K),2h 2m,Action
199. Levels,5.0, (1.6K),1h 33m,Action
200. Indian 2,3.8, (17K),15,Action
201. The Price of Money: A Largo Winch Adventure,5.1, (1.3K),1h 40m,Action
202. Yolo,6.9, (3.8K),2h 9m,Action
203. Darkness of Man,4.7, (3.3K),1h 49m,Action
204. Saindhav,5.0, (1.6K),2h 18m,Action
205. Gandhi 3,5.7, (244),2h 23m,Action
206. Akabane Honeko no Bodyguard,6.1, (47),1h 57m,Action
207. Death Whisperer 2,6.3, (1.5K),1h 50m,Action
208. Serra das Almas,5.5, (41),2h,Action
209. The Clean Up Crew,4.2, (1.3K),1h 35m,Action
"210. Love, Courage and the Battle of Bushy Run",5.0, (190),1h 53m,Action
211. Rifle Club,7.0, (4.6K),1h 53m,Action
212. Kingdom 4: Return of the Great General,7.1, (1.4K),2h 25m,Action
213. Air Force One Down,4.4, (2.9K),1h 24m,Action
214. Raqa,5.6, (299),1h 47m,Action
215. Gone with the Dead the Movie,4.2, (51),1h 36m,Action
216. Alien Country,4.4, (387),1h 36m,Action
217. Siren,6.4, (3K),2h 34m,Action
218. Auron Mein Kahan Dum Tha,6.4, (41K),2h 30m,Action
219. The Thundermans Return,5.0, (1.9K),1h 10m,Action
220. Ayalaan,5.9, (4K),2h 35m,Action
221. Tillu Square,6.6, (3.5K),2h 17m,Action
222. Savi,6.1, (35K),2h 6m,Action
223. Revolver,5.4, (918),1h 54m,Action
224. Mongol,8.6, (104),2h 35m,Action
225. Eagle,5.9, (5K),2h 39m,Action
226. Dark Match,5.4, (1.1K),1h 34m,Action
227. Fluxx,6.0, (120),1h 40m,Action
228. Sasan,8.7, (83),2h 35m,Action
229. Garudan,7.1, (3.4K),2h 13m,Action
230. Razakar: The Silent Genocide of Hyderabad,7.4, (5.3K),2h 46m,Action
231. Bhaje Vaayu Vegam,6.1, (769),2h 16m,Action
232. The Ballad of Davy Crockett,4.6, (255),1h 36m,Action
233. Ferry 2,5.6, (3.9K),1h 34m,Action
234. Bidurbhai,9.2, (405),2h 28m,Action
235. Everybody Loves Jenifa,8.3, (97),2h 15m,Action
236. Seeds,5.0, (221),1h 22m,Action
237. Go for Broke,5.7, (286),1h 55m,Action
238. Por,5.1, (625),2h 34m,Action
240. All the Lost Ones,3.7, (271),1h 46m,Action
241. Mr. Bachchan,3.6, (5.3K),2h 30m,Action
242. Arena Wars,4.9, (2.2K),1h 36m,Action
244. The Friendly,8.4, (19),1h 41m,Action
245. Kahar: Kapla High Council,7.0, (492),1h 42m,Action
246. Mathu Vadalara 2,7.0, (1.7K),2h 19m,Action
247. Hitler,5.2, (313),2h 8m,Action
248. Baby Assassins: Nice Days,7.2, (340),1h 43m,Action
249. Hounds of War,4.5, (2K),1h 35m,Action
250. Citizen of a Kind,6.7, (892),1h 54m,Action
251. Non Negotiable,5.4, (1.2K),1h 27m,Action
252. Kill Em All 2,4.1, (1.4K),1h 28m,Action
253. Devil's Knight,5.3, (962),1h 30m,Action
254. Warning 2,7.1, (898),2h 5m,Action
255. Blood Star,6.4, (6.1K),1h 37m,Action
256. Malaikottai Vaaliban,6.0, (4.2K),2h 36m,Action
257. Shark Island,3.2, (125),1h 21m,Action
258. Gangs of Godavari,4.9, (917),2h 45m,Action
259. Rode College,6.6, (434),2h 48m,Action
260. Hunt the Wicked,5.4, (156),1h 42m,Action
261. Touchdown,6.8, (14),1h 18m,Action
262. Dragon Ball Kai: Doragon Bôru Kai,8.5, (84),1h 22m,Action
263. Next to Us,4.8, (229),2h 5m,Action
264. Operation Valentine,5.3, (1.4K),2h 13m,Action
265. Dark Fusion,8.5, (241),1h 30m,Action
266. Gladiators,4.5, (109),1h 35m,Action
267. Vanvaas,6.6, (1.5K),2h 40m,Action
268. Devaki Nandana Vasudeva,6.5, (2.8K),2h 8m,Action
"269. I, the Executioner",6.3, (2K),1h 58m,Action
270. High Forces,5.8, (572),1h 59m,Action
271. KA,7.0, (1.7K),2h 31m,Action
272. 72 Hours,4.0, (335),1h 27m,Action
273. Max,7.1, (3.5K),2h 12m,Action
274. Guy Manley: Super Spy,4.2, (154),1h 32m,Action
275. Yudhra,4.9, (13K),2h 22m,Action
276. Invasion,4.8, (739),1h 31m,Action
277. Harom Hara,6.6, (3.1K),2h 34m,Action
278. The Tiger's Apprentice,5.7, (2.2K),1h 24m,Action
279. Drive Back,4.5, (616),1h 34m,Action
280. How to Rob a Bank,6.6, (4.3K),1h 28m,Action
281. Freedom,5.9, (1.4K),1h 50m,Action
282. Athhoi,7.4, (213),2h 38m,Action
283. Cesium Fallout,6.3, (882),2h 15m,Action
284. Sunset Superman,5.5, (284),1h 21m,Action
285. Bureau 749,4.0, (575),2h 3m,Action
286. UI,6.8, (5.8K),2h 15m,Action
287. The Last Kumite,4.6, (2.4K),1h 45m,Action
288. Sobanggwan,5.7, (241),1h 46m,Action
289. Murder Company,3.6, (1.6K),1h 26m,Action
290. Outlaw,5.2, (969),1h 22m,Action
291. Angels Fallen: Warriors of Peace,4.8, (5.8K),1h 43m,Action
292. Ryan's World the Movie: Titan Universe Adventure,1.8, (726),1h 20m,Action
293. Baki Hanma VS Kengan Ashura,5.7, (2K),1h 2m,Action
294. The Last Front,5.5, (635),1h 38m,Action
295. Wanted Man,4.8, (2.6K),1h 25m,Action
296. Sunray: Fallen Soldier,4.3, (698),1h 55m,Action
297. GTMax,5.0, (1.3K),1h 40m,Action
298. Crakk - Jeethegaa Toh Jiyegaa!,4.7, (6.5K),2h 34m,Action
299. Golden Kamuy,6.3, (2.6K),2h 7m,Action
300. Mura,7.2, (6.3K),2h 9m,Action
301. Mission: Cross,6.1, (2.7K),1h 45m,Action
302. Turbo,5.9, (3.7K),2h 35m,Action
303. Je jatt Vigarh gya,5.6, (834),2h 12m,Action
304. Heart of the Hunter,4.7, (2.2K),1h 45m,Action
305. Peter Five Eight,3.5, (1.1K),1h 40m,Action
306. Bachhala Malli,8.2, (3.9K),2h 20m,Action
307. The Bodyguard,6.6, (37),1h 27m,Action
308. Sheriff,6.9, (1.2K),2h 13m,Action
309. Operation Blood Hunt,3.4, (511),1h 33m,Action
310. Martin,2.2, (36K),2h 27m,Action
311. The Lockdown,4.3, (623),1h 57m,Action
312. Pottel,8.1, (2.7K),2h 28m,Action
313. The Kingdom,7.0, (144),2h 13m,Action
314. Deaner '89,5.8, (456),1h 30m,Action
315. Operation Undead,4.7, (436),1h 50m,Action
316. Ghosts of Red Ridge,3.2, (174),1h 21m,Action
317. Matka,4.7, (602),2h 36m,Action
318. 24 Hours to D-Day,3.5, (81),1h 23m,Action
319. They Call Her Death,5.4, (195),1h 32m,Action
320. Rogue Elements: A Ryan Drake Story,4.3, (1.1K),44m,Action
321. Fighting the Fire,8.5, (1.7K),1h 55m,Action
322. DNA,5.1, (212),2h 36m,Action
323. Sorgavaasal,6.6, (1.4K),2h 18m,Action
324. The Hangman,3.3, (1K),1h 32m,Action
325. Rajakili,5.1, (620),2h 2m,Action
326. Dharmarakshak Mahaveer Chhatrapati Sambhaji Maharaj,8.2, (669),2h 54m,Action
327. Six jours,5.7, (260),1h 35m,Action
328. Continental Split,3.5, (566),1h 28m,Action
329. Fight Another Day,4.9, (375),1h 37m,Action
330. Cassino in Ischia,4.4, (260),1h 53m,Action
331. Bangkok Breaking: Fa Narok Mueang Thewada,5.8, (695),2h 26m,Action
332. Nice Girls,4.2, (1.2K),1h 32m,Action
333. Kondal,5.3, (795),2h 27m,Action
334. Witch Hunter,4.8, (26),1h 20m,Action
335. Get Fast,3.7, (477),1h 28m,Action
336. 12 Gaun,6.3, (934),2h 27m,Action
337. Snow White and the Seven Samurai,3.1, (313),1h 28m,Action
338. Bhaiyya Ji,4.8, (7.4K),2h 30m,Action
339. Sucha Soorma,6.4, (953),2h 16m,Action
340. School of Magical Animals 3,5.7, (346),1h 45m,Action
341. Bionic,4.3, (1.8K),1h 50m,Action
342. Conquer: Lahad Datu,6.6, (547),2h,Action
343. Thundu,5.0, (921),2h 5m,Action
344. Mechanic Rocky,6.4, (3.5K),2h 36m,Action
345. Zebra,7.2, (3.2K),2h 44m,Action
346. Rathnam,5.4, (3.7K),2h 35m,Action
347. Gatao: Like Father Like Son,5.7, (250),2h 11m,Action
348. Roadkill,3.7, (694),1h 30m,Action
349. War of the Worlds: Extinction,3.0, (212),1h 24m,Action
350. Naam,6.4, (284),2h 16m,Action
351. No Time to Spy: A Loud House Movie,6.3, (490),1h 21m,Action
352. Mahadev Ka Gorakhpur,7.5, (396),2h 11m,Action
353. Mobile Suit Gundam SEED Freedom,6.6, (980),2h 4m,Action
354. Barroz,3.4, (1K),2h 35m,Action
355. The Last Ronin,4.9, (591),1h 55m,Action
356. Alangu,8.0, (1.2K),2h 11m,Action
357. Hellhound,4.3, (522),1h 43m,Action
359. Bloody Beggar,6.2, (4.4K),2h 14m,Action
360. Bastar: The Naxal Story,6.4, (3.3K),2h 4m,Action
361. Big City Greens the Movie: Spacecation,6.2, (575),1h 23m,Action
362. The Unbreakable Bunch,7.5, (33),1h 25m,Action
363. Bangkok Dog,4.8, (239),1h 25m,Action
364. Mu zhong wu ren 2,6.6, (540),1h 30m,Action
365. Pusaka,5.2, (190),1h 30m,Action
366. Virunnu,4.0, (950),2h 5m,Action
367. Snatched,6.1, (533),1h 41m,Action
368. Return to the Ring,5.3, (751),1h 46m,Action
369. The Wolf,3.4, (39),1h 27m,Action
370. Ruslaan,3.3, (1.3K),2h,Action
371. Viswam,4.2, (652),2h 35m,Action
372. 12 to Midnight,3.6, (294),1h 36m,Action
373. Lady Scorpions,3.6, (374),1h 41m,Action
374. Chhota Bheem and the Curse of Damyaan,4.8, (2.3K),2h 25m,Action
375. Anchakkallakokkan,6.6, (1K),2h 6m,Action
376. Bheema,5.7, (966),2h 28m,Action
377. Sons of Rizk 3,6.6, (1.8K),2h 5m,Action
378. Pimpinero: Blood and Oil,5.6, (573),2h 1m,Action
379. The Mick and the Trick,4.8, (82),1h 36m,Action
380. Blade of Fury,6.1, (137),1h 30m,Action
381. The Last of Us: Immunity,4.4, (31),1h 4m,Action
382. Agents,3.3, (948),1h 22m,Action
383. Naa Saami Ranga,4.5, (1.2K),2h 30m,Action
384. Midas,4.6, (346),1h 25m,Action
386. The Plot,4.8, (398),1h 40m,Action
387. The Lost Tiger,7.9, (51),1h 30m,Action
388. Lie Zhan,6.6, (82),1h 33m,Action
389. Rats!,6.5, (166),1h 25m,Action
390. First Nights at Freddy's,9.4, (19),1h 38m,Action
391. Taken from Rio Bravo,3.0, (322),1h 20m,Action
392. Hunting with Tigers,5.6, (556),1h 49m,Action
393. Bull Shark 2,2.8, (209),1h 15m,Action
394. Crisis Negotiators,6.7, (744),2h,Action
395. Zero,5.9, (83),1h 28m,Action
396. WWII: Operation Phoenix,5.8, (98),1h 46m,Action
397. Malayalee from India,5.6, (5.1K),2h 40m,Action
398. Dirty Money,5.6, (178),1h 40m,Action
400. Alpha.,6.9, (265),1h 40m,Action
401. Bhimaa,5.1, (1.2K),2h 21m,Action
402. Dange,5.3, (806),2h 34m,Action
403. Road Wars: Max Fury,2.0, (368),1h 23m,Action
404. Weapon,5.4, (5.5K),2h,Action
405. Big Rage,3.6, (174),1h 55m,Action
406. 6 Hours Away,4.0, (254),1h 33m,Action
407. Lisabi: The Uprising,5.2, (141),1h 47m,Action
408. Clone Cops,5.8, (268),1h 36m,Action
410. Stuntman,6.9, (204),1h 54m,Action
411. (Pri)sons,5.0, (293),1h 40m,Action
412. Nu Huo 12 Xiao Shi,6.0, (55),1h 26m,Action
413. American Warrior,8.4, (24),1h 29m,Action
414. Villain - Life of a Gangster,8.9, (164),2h 21m,Action
415. Purushothamudu,5.1, (2.3K),2h,Action
416. Inanimate Insanity II: The Movie,8.2, (244),1h 46m,Action
417. I Heart Robots,4.6, (2.4K),1h 16m,Action
418. Love You to Debt,6.3, (772),2h 15m,Action
419. Bonnie,7.3, (43),2h,Action
420. Premalo,7.3, (1.1K),2h 8m,Action
421. Major Grom: The Game,6.1, (1.9K),2h 48m,Action
422. Spiders on a Plane,5.0, (380),1h 18m,Action
423. Customs Frontline,5.5, (528),1h 55m,Action
424. Genis Aile 4: Cevahir & Ulvi,4.7, (255),1h 30m,Action
425. Ape X Mecha Ape: New World Order,2.9, (145),1h 27m,Action
427. Bad Boyz,3.2, (736),2h 30m,Action
428. Art of Eight Limbs,4.0, (325),1h 41m,Action
429. September Babies,5.5, (295),1h 34m,Action
430. Drive,5.6, (355),1h 30m,Action
431. The Epidemic,5.9, (71),1h 35m,Action
432. Marni: The Story of Wewe Gombel,5.8, (230),1h 59m,Action
433. Taklee Genesis x Worlds Collide,5.4, (428),2h 26m,Action
434. Iravinil Aatam Par,3.3, (154),1h 58m,Action
435. Echo 8,6.1, (1.3K),1h 35m,Action
436. Sikaar,8.3, (686),2h 30m,Action
437. Chong jian tian ri,6.7, (58),1h 45m,Action
438. Sector 17,5.4, (1.3K),2h 26m,Action
439. Sous écrous,5.6, (100),1h 51m,Action
440. Appu,8.1, (189),1h 32m,Action
441. The Actor,3.4, (738),2h 8m,Action
442. Checkmate,4.3, (397),1h 44m,Action
443. Blocking the Horse,5.4, (26),1h 34m,Action
444. Yi ren zhi xia,5.2, (213),2h 14m,Action
445. Crosspoint,6.7, (57),1h 40m,Action
446. Jorge da Capadócia,5.9, (160),1h 59m,Action
447. Mummy Shark,2.0, (186),1h 6m,Action
448. Kali,5.2, (425),1h 36m,Action
449. Rendel: Cycle of Revenge,3.6, (250),1h 39m,Action
451. Ship of the Damned,2.8, (309),1h 28m,Action
452. Ghost Killer,7.0, (82),1h 45m,Action
453. Hit List,5.5, (316),2h 5m,Action
454. The Infallibles,4.8, (781),1h 39m,Action
455. The Charisma Killers,6.1, (661),1h 41m,Action
456. The Moon Thieves,6.0, (287),1h 48m,Action
459. The Heist,6.9, (2K),2h,Action
460. Tòkunbò,3.9, (300),1h 53m,Action
461. Formed Police Unit,4.7, (1.4K),2h,Action
462. Mutant,4.4, (115),1h 30m,Action
463. Kizumonogatari: Koyomi Vamp,7.1, (106),2h 24m,Action
464. The Experts,6.1, (304),2h 1m,Action
465. Aserb: The Squadron,5.2, (321),2h,Action
466. Babu,7.2, (188),2h 22m,Action
467. Vixen,5.3, (341),1h 28m,Action
468. Paradise,6.9, (82),1h 23m,Action
469. Chaari 111,4.8, (267),2h 10m,Action
470. Mazhai Pidikatha Manithan,4.5, (429),2h 13m,Action
471. Mirza: Part 1 - Joker,6.8, (242),2h 45m,Action
472. Toemalog,6.4, (127),1h 25m,Action
473. Buddy,3.8, (357),2h 17m,Action
474. Umro Ayyar - A New Beginning,6.9, (676),2h 15m,Action
475. Prepare to Die,4.5, (244),1h 33m,Action
476. The Day Everything Changed,8.0, (80),1h 37m,Action
477. The Bouncer,4.1, (100),1h 18m,Action
478. Sabari,6.5, (5.4K),2h 9m,Action
479. Yuva,5.7, (848),2h 33m,Action
481. My Fathers' Daughter,6.5, (83),1h 18m,Action
482. Star Abyss,3.8, (265),1h 26m,Action
483. Andromeda: 1883,4.0, (19),1h 15m,Action
484. Camp Blood: Clown Shark,3.3, (92),1h 10m,Action
485. Spirit Riser,6.6, (37),1h 38m,Action
486. Sayen: The Huntress,4.4, (259),1h 28m,Action
487. Thiragabadara Saami,3.9, (117),1h 55m,Action
488. The Grey Men,6.5, (74),1h 37m,Action
489. Appudo Ippudo Eppudo,4.7, (235),2h,Action
490. My Redneck Neighbor: Chapter 2 - Let the Games Begin,5.8, (10),55m,Action
491. Tariq,6.2, (18),2h 2m,Action
492. The Captives,3.5, (68),1h 13m,Action
493. London Gangsters,4.6, (12),1h 44m,Action
494. The Slave and the Sorcerer,6.6, (43),1h 26m,Action
496. Firework,6.1, (13),1h,Action
497. Hakkenden,6.0, (81),2h 29m,Action
499. Red vs. Blue: Restoration,5.6, (144),1h 25m,Action
500. Türkler Çildirmis Olmali 2: Mavi Vatan,2.2, (168),1h 40m,Action
501. The Miranda Brothers,4.4, (191),1h 39m,Action
502. Buying Time,6.4, (503),1h 24m,Action
503. Hrashwo Deergha,7.6, (102),2h 30m,Action
504. The Desperate Chase,5.6, (72),1h 50m,Action
506. Shekko,5.9, (609),2h,Action
509. Kill Craft,2.4, (375),1h 39m,Action
510. Samandar,7.7, (141),2h 52m,Action
511. Tokusou Sentai Dekaranger 20th: Fireball Booster,7.2, (36),50m,Action
513. Mission: Chapter 1,5.9, (1.7K),2h 24m,Action
515. Thug in a Suit,6.0, (152),1h 40m,Action
516. South Side Hero,5.6, (38),1h 32m,Action
517. Death Game,6.3, (26),1h 28m,Action
518. Kadakan,4.0, (114),2h 8m,Action
522. Fyre Rises,6.2, (326),1h 50m,Action
523. Bandaa Singh Chaudhary,6.0, (5.2K),1h 53m,Action
524. Bloody Escape,5.5, (57),1h 40m,Action
525. Naag Bhoomi,5.7, (9),2h 10m,Action
526. Purushothamudu,7.9, (21),2h,Action
528. Re Xue Ran Shao,7.3, (57),1h 53m,Action
529. Mavr,6.3, (10),1h 23m,Action
530. The Circuit 4: Faith Fighter,4.5, (92),1h 30m,Action
531. Diabel,5.0, (281),1h 48m,Action
532. Thankamani,4.6, (233),2h 36m,Action
534. Oru Anveshanathinte Thudakkam,6.9, (834),3h 1m,Action
536. Breaking and Re-entering,5.8, (462),1h 49m,Action
537. Game On,5.2, (2.3K),2h 20m,Action
538. Kung Fu Games,3.3, (390),1h 38m,Action
540. Neo-Dome,6.6, (18),15m,Action
541. Mega Twisters,2.5, (56),1h 15m,Action
542. Seetha Kalyana Vaibhogame,8.6, (2K),2h 26m,Action
543. Waspzilla,4.3, (137),1h 20m,Action
544. Sentimentaaal,4.9, (991),2h 15m,Action
545. Black Storm,6.7, (70),1h 37m,Action
547. Rock 'n' Roll Ringo,6.1, (60),1h 41m,Action
548. Nothing Even Matters,5.8, (82),1h 30m,Action
549. The Omicron Killer,2.9, (597),1h 38m,Action
550. Fûto Tantei: Kamen Rider Skull no Shôzô,7.4, (49),1h 22m,Action
551. Kaalapatthar,6.2, (1K),1h 53m,Action
552. Shu Si Yi Bo,6.7, (39),1h 31m,Action
553. Transformers Prime: Galavatron's Revenge,4.5, (16),1h 44m,Action
555. Pariah Volume 1: Every Street Dog Has a Name,6.8, (392),2h 18m,Action
556. Where Is Gilgamesh?,8.9, (640),1h 30m,Action
557. Timuchin,5.9, (33),1h 18m,Action
558. The Last Chainsaw Massacre,3.7, (43),1h 15m,Action
559. The Vampire and the Vigilante,3.6, (54),1h 15m,Action
561. Iddaru,8.7, (297),2h 28m,Action
562. Dark World,4.9, (19),2h 15m,Action
564. Anunnakiler,2.5, (467),1h 16m,Action
565. Zénithal,5.4, (86),1h 20m,Action
"566. Silex and the City, le film",4.9, (54),1h 17m,Action
567. Texas Twister,2.5, (161),1h 28m,Action
568. Nintama Rantaro Dokutake Ninja-tai Saikyou no Gunshi,7.1, (41),1h 30m,Action
570. Gold Raiders,2.0, (192),1h 28m,Action
571. Raanti,6.5, (1.1K),1h 55m,Action
572. Rang De Basanti,7.5, (160),2h 54m,Action
573. Young Lion of the West,5.3, (109),1h 33m,Action
575. Agastya - Chapter 1,6.6, (612),2h 48m,Action
576. Jathara,7.8, (1.1K),2h 9m,Action
577. Gravediggers,6.1, (33),1h 31m,Action
578. Roudhra Rupaya,7.2, (2K),2h 12m,Action
580. Sarangadhariya,8.3, (3.1K),2h 30m,Action
581. The Escapee 3: The Final Escape,2.8, (69),1h 23m,Action
582. Ballistic,2.2, (164),1h 35m,Action
583. Soodhu Kavvum 2: Naatum Naatu Makkalum,3.7, (211),2h 9m,Action
584. The Evil Three,6.5, (1K),30m,Action
585. Karma,4.4, (50),1h 51m,Action
588. Cholo Zombies,4.6, (106),1h 36m,Action
589. Bhairadevi,8.7, (51),2h 14m,Action
590. The ShortCut,7.8, (1.8K),2h 18m,Action
591. Saint Young Men: Holy Men vs Demon Army,3.0, (14),1h 33m,Action
592. Jithender Reddy,7.7, (2.4K),2h 16m,Action
593. Nanoshark,5.4, (23),12,Action
594. Gam Gam Ganesha,5.3, (315),2h 20m,Action
595. Panjab Files,8.4, (31),1h 57m,Action
596. Special Needs Revolt!,8.5, (15),1h 53m,Action
597. Rudra: The Beginning,9.4, (38),2h 15m,Action
598. Neon Fear,5.7, (599),40m,Action
599. Clownface 3,9.5, (41),1h 44m,Action
600. Gekijoban kimi to sekai ga owaru hi ni final,6.4, (39),1h 55m,Action
603. Cândido,6.3, (64),1h 39m,Action
604. Bond: Kizuna,5.6, (20),1h 32m,Action
605. What Happens in Miami,4.2, (222),1h 30m,Action
606. Surge of Power: Where There's Smoke,5.9, (14),1h 8m,Action
607. Memes & Nightmares,5.7, (92),1h 21m,Action
608. Stranded Pearl,6.0, (27),1h 30m,Action
609. Lorry Chapter-1,5.4, (2.4K),3h 3m,Action
610. Captain Avispa,5.7, (180),1h 36m,Action
611. Petta Rap,4.1, (1.7K),2h 3m,Action
612. Losing Lerato 2,9.0, (34),1h 36m,Action
614. Tales Beyond the Galaxy,4.5, (186),1h 16m,Action
615. How to Make a Werewolf,5.7, (145),16+,Action
616. The Wild Blade of Strangers,6.2, (117),1h 42m,Action
617. In Tenebras: Into the Darkness,2.7, (178),1h 30m,Action
619. Marine Drive,9.5, (50),1h 45m,Action
620. Polar,4.3, (30),1h 16m,Action
621. Telekinesis,5.8, (63),1h 46m,Action
622. Reloaded 2,7.5, (1.2K),45m,Action
623. Election,5.8, (805),2h,Action
624. Sunfall,2.5, (46),1h 14m,Action
625. Komandir,6.3, (534),2h 11m,Action
626. Rebirth Island,7.7, (57),1h 43m,Action
628. Jurassic Exorcist,3.9, (23),1h 16m,Action
629. Kamen Rider Gotchard: The Future Daybreak,8.0, (76),1h 3m,Action
630. Mercy Killing,8.7, (2.7K),2h 11m,Action
631. Iron Fighter,3.6, (66),1h 20m,Action
633. Average Student Nani,7.5, (2.3K),2h 18m,Action
634. Halloween: Mal Eterno,8.3, (231),50m,Action
637. Die Chaosschwestern und Pinguin Paul,5.6, (73),1h 40m,Action
638. Charlotte Link - Ohne Schuld,5.5, (43),1h 29m,Action
639. Rocky and Bullwinkle,9.2, (16),1h 40m,Action
642. Supplier Shankara,9.3, (72),2h 43m,Action
643. Bonus Trip,4.6, (230),1h 53m,Action
645. Kamen Rider 555 20th: Paradise Regained,5.8, (149),1h 5m,Action
646. Rob N Roll,6.1, (1.5K),1h 38m,Action
648. Hide and Seek,8.0, (55),2h 10m,Action
649. Vhoyal,9.3, (6),2h 18m,Action
651. Pranaya Godari,7.8, (2.4K),2h 28m,Action
653. The Burden of Nine Lives,5.1, (117),1h 56m,Action
654. The SML YTP Movie 2: Dimension Trouble,8.6, (15),1h 34m,Action
655. Saala,5.6, (1.1K),2h 10m,Action
656. Ame no naka no yokujô,6.0, (86),2h 12m,Action
657. Kiyma: Orman Kanunlari,3.9, (40),1h 21m,Action
658. Ameena,6.3, (19),1h 47m,Action
662. Bato: Road to Death,5.4, (775),2h 17m,Action
663. Haraa,5.2, (2.9K),2h 16m,Action
665. Angel of the Warrior,8.4, (134),1h 30m,Action
666. Permafrost,5.7, (115),1h 20m,Action
667. Holy Punch,5.2, (50),1h 38m,Action
669. Chinatown Chacha,5.0, (59),1h 43m,Action
670. Death Bitch,7.3, (22),1h 28m,Action
671. The Domino File,4.7, (7),1h 42m,Action
672. Zhi Bao,5.7, (18),1h 40m,Action
673. Onsen shâku,6.0, (35),1h 10m,Action
675. Kaveri,6.8, (1.5K),1h 41m,Action
677. The Correct Way of Youth,9.3, (782),1h 30m,Action
678. Warrior Awang and Master Tok Gajah,4.6, (484),1h 58m,Action
679. Ultraman Blazar the Movie: Tokyo Kaiju Showdown,7.5, (93),1h 15m,Action
680. The Alexandrian,3.8, (269),1h 44m,Action
683. Champions of the Golden Valley,9.2, (78),1h 21m,Action
684. Youth in Trouble,7.8, (28),1h 46m,Action
685. SCP: The Infinite Mission,6.0, (35),16+,Action
687. Bloodline,9.2, (50),1h 20m,Action
688. Kade,6.3, (18),1h 32m,Action
689. Jacob Tyler,4.1, (65),2h 13m,Action
690. Dangerous Boys 2,5.5, (12),1h 55m,Action
691. Ugravatara,8.0, (553),2h 2m,Action
693. Spider-Man: Final Swing,7.9, (11),2h 33m,Action
694. 5 Pounds of Pressure,6.6, (17),1h 51m,Action
697. Chasing Raine,2.3, (187),1h 41m,Action
698. Itutumba ka ng tatay ko,5.4, (67),1h 49m,Action
699. Guns Blazin,7.1, (10),1h 28m,Action
700. Yao Shen Ling,6.7, (69),1h 33m,Action
701. Deadzone,4.0, (38),1h 20m,Action
703. Sumaho o otoshita dake na no ni: Saishusho Final Hacking Game,6.7, (29),1h 56m,Action
705. Kamen Rider Geats: Jyamato Awakening,7.9, (78),54m,Action
706. Dreams,6.9, (9),1h 46m,Action
707. Jigar,6.9, (20),2h 2m,Action
708. Snowstorm,4.5, (6),1h 31m,Action
709. Rebel,3.2, (66),1h 40m,Action
711. Indrani: Epic-1 Dharam vs Karam,7.6, (1.1K),2h 37m,Action
712. Pushpaka Vimana,5.6, (16),2h 17m,Action
713. Ohsama Sentai King-Ohger vs. Donbrothers,6.8, (38),26m,Action
715. Shadows of Betrayal: Chronicles of Ian Blair,7.5, (14),1h 5m,Action
716. Hell city,9.1, (28),1h 30m,Action
719. Played,6.2, (11),1h 36m,Action
721. Battling to Survive,7.1, (54),1h 14m,Action
722. Artist Unknown,7.9, (21),1h 22m,Action
724. Raju Gari Ammayi Naidu Gari Abbayi,8.2, (3.1K),2h 38m,Action
726. Wandafuru Purikyua! Za mubi! Doki Doki Game no Sekai de Daiboken,6.8, (36),1h 11m,Action
727. The Captive,6.9, (61),1h 14m,Action
728. Agent 86,6.7, (6),1h 27m,Action
730. The Mystery of Humanoid Puppet,6.7, (61),1h 28m,Action
732. Yakuza Girl,2.3, (68),1h 22m,Action
733. Dhaaak,8.6, (24),2h 8m,Action
734. Speed 220,6.6, (1K),1h 54m,Action
735. Killer Ex,3.8, (53),1h 34m,Action
738. The Yoshi Movie,7.9, (14),1h 45m,Action
740. Po zhan,2.7, (17),1h 26m,Action
741. Sith Wars: Episódio III - Fantasmas Dos Sith,8.9, (158),1h 39m,Action
742. Breaking Tradition,6.7, (27),1h 27m,Action
746. Hiranya,5.6, (20),2h 18m,Action
747. Too Little Too Late,5.4, (8),1h 6m,Action
750. Joshua: Imai Pol Kaka,4.5, (588),2h 10m,Action
751. The Bottom Line,6.7, (14),1h 47m,Action
754. Max Beyond,6.6, (18),1h 33m,Action
756. E-mail,5.4, (807),1h 59m,Action
758. Krishnamma,6.2, (369),2h 18m,Action
760. Roxana,4.0, (69),1h 38m,Action
761. Dheera,7.9, (1.3K),2h 3m,Action
763. Anthima Theerpu,7.0, (1.6K),2h 13m,Action
764. Hain,2.9, (51),1h 35m,Action
767. Rooban,6.5, (276),2h 5m,Action
769. Brattt,4.7, (67),1h 57m,Action
770. Mirg,6.1, (36),1h 23m,Action
772. StarGazer: The Need of the Many,5.0, (12),47m,Action
773. Tranquility: Ghost Stories,7.6, (53),1h 28m,Action
774. Shockwaves 2,3.0, (150),1h 19m,Action
775. La Tamalera,8.2, (9),1h 55m,Action
776. Dünya Mali: Eksi Bir,7.2, (18),2h 13m,Action
777. Usha Parinayam,9.0, (2.1K),2h 24m,Action
779. The Worlds Divide,7.9, (40),2h,Action
780. Mother Mafia,3.6, (53),1h 20m,Action
781. Emanet,7.7, (32),1h 37m,Action
782. Bullet,8.9, (569),2h 11m,Action
784. Kido senshi Gandamu: Ginhai no Gen'ei,6.1, (13),1h 30m,Action
786. Dou Po Cangqiong 3: Chu E,5.0, (11),1h 21m,Action
787. Ajay Gadu,6.0, (1K),1h 48m,Action
788. Day of the Diesels,7.7, (10),1h 40m,Action
791. Be Forever Yamato: Rebel 3199: Part 1: Dark Invasion,7.0, (9),50m,Action
793. Dead Hand,4.1, (75),1h 32m,Action
795. Death Game,5.3, (17),1h 27m,Action
796. Joachim and the Apocalypse,7.5, (16),1h 30m,Action
799. The Kills,8.8, (9),1h 10m,Action
800. Zui hou yi quan,5.8, (17),1h 47m,Action
802. Dhil Raja,9.4, (131),1h 46m,Action
803. Inkabi,4.8, (84),1h 41m,Action
804. Hope & Glory,6.6, (148),44m,Action
805. Dirty Fellow,6.7, (3.8K),1h 59m,Action
806. Nenu Keerthana,8.9, (2.1K),2h 35m,Action
808. Tiger's Trigger,4.1, (19),1h 24m,Action
813. A Reel Heist,5.2, (58),1h 56m,Action
814. Kaale Angrej,5.5, (17),2h 11m,Action
815. Raktaksha,7.7, (1.4K),1h 58m,Action
816. Usire Usire,7.4, (1.1K),2h 31m,Action
817. Feng Zi Lao Ba,4.8, (5),1h 25m,Action
818. Seven Heroes Beat the Monster,6.8, (51),1h 29m,Action
820. Bloodlust,7.8, (13),1h 37m,Action
821. The Deal,8.9, (28),2h 10m,Action
822. Gally Gang Stars,9.0, (2K),2h 37m,Action
824. Shri Swapankumarer Badami Hyenar Kobole,5.6, (331),2h 26m,Action
825. Zoloto Umalty,4.9, (114),1h 49m,Action
826. Correr para Vivir,6.9, (203),1h 37m,Action
827. Daanvi,1.6, (8),1h 57m,Action
828. Guxim,7.2, (37),1h 15m,Action
829. Sesh Bazi,6.2, (10),2h 12m,Action
830. Nothing Unusual,8.8, (13),1h 32m,Action
832. Pungut,7.5, (16),1h 40m,Action
835. Aho Vikramaarka,7.4, (54),2h 16m,Action
837. Nasha Jurm Aur Gangsters,6.8, (2.8K),2h 17m,Action
838. Zeke,6.6, (10),50m,Action
839. Best Cop Ever,4.5, (51),2h 2m,Action
841. Jurassic Island,7.7, (53),1h 35m,Action
842. Kuang Bao Ju Xi,5.9, (77),1h 15m,Action
847. Useful Idiots,8.3, (19),1h 32m,Action
849. Kallu Compound 1995,7.9, (2K),2h 20m,Action
850. Di Renjie: Duo Ming Yao Seng,6.9, (60),1h 20m,Action
853. Sacrum Vindictae II,4.8, (13),1h 54m,Action
855. AK47,7.2, (15),2h 26m,Action
857. Crypto Storm,4.8, (36),1h 41m,Action
858. Hua qian gu,3.8, (28),1h 37m,Action
859. Abudeka Is Back,5.4, (41),2h,Action
860. Big Brother,8.5, (2K),1h 55m,Action
865. Surrender,7.8, (15),2h 29m,Action
867. Sathyam,7.3, (10),2h 14m,Action
868. Vorovka,4.8, (55),1h 30m,Action
869. Opportunity,8.9, (91),1h 36m,Action
874. Operation Star,7.8, (25),1h 42m,Action
877. Revenge,1.7, (46),2h 7m,Action
878. Di Renjie: Tongtian xuan an,7.1, (19),1h 25m,Action
881. The Delegator,4.1, (17),1h 36m,Action
882. Me and the Dragon's Daughter,5.1, (10),1h 15m,Action
884. Leoi jing ngoi hap,3.2, (25),1h 23m,Action
885. Inherited,9.5, (21),1h 16m,Action
886. Kreem,6.8, (130),1h 55m,Action
887. Heavens: The Boy and His Robot,6.3, (22),1h 38m,Action
894. Codename: Devil,6.0, (6),1h 44m,Action
896. Abnormal: Buas,5.7, (28),1h 30m,Action
897. Operation Wakaliga: Fate and Blood,6.7, (12),1h 6m,Action
901. Leha,2.3, (42),1h 38m,Action
904. Cholay,8.6, (85),1h,Action
911. Anger,8.2, (18),1h 23m,Action
912. Combat Code: Hunt,7.4, (18),1h 16m,Action
915. Gintama the Movie 2D: Courtesan of the Nation Arc,8.0, (9),1h 49m,Action
921. Happy Dragons,4.9, (9),1h 37m,Action
922. The Knights Errant of an Jier,7.2, (54),1h 26m,Action
923. Isle: Alpha One,8.4, (7),1h 37m,Action
928. The Mirage,8.9, (10),1h 46m,Action
929. Achilles Curse and the Curse of Treasure,7.5, (26),2h 5m,Action
936. Joy Hanu Man,8.9, (27),2h 23m,Action
947. Oversteer,5.2, (19),1h 26m,Action
948. Gull Lake Vice II: The Delusion Continues,8.1, (18),58m,Action
949. Whispers of the Imperial City,6.8, (53),1h 30m,Action
952. The Very Last Christmas,8.6, (12),1h 15m,Action
954. El Duro,4.7, (17),1h 30m,Action
960. Dr. Jason II - Lights & Shadows,4.9, (331),1h 2m,Action
965. Pithala Maathi,7.5, (844),2h 20m,Action
966. Reeza GTR,6.9, (16),1h 31m,Action
969. A Love Story of Assassin,6.9, (60),1h 25m,Action
970. Revolutionize the World,7.3, (54),1h 18m,Action
971. Opasni shmatki,5.3, (35),1h 32m,Action
972. Krapiva: Tsvetok smerti,6.1, (56),1h 21m,Action
973. Jisu bosha,6.8, (52),1h 27m,Action
974. Slide or Die the Movie,8.3, (9),2h 7m,Action
978. Vingança De Sangue: Blood Vendetta,7.7, (240),1h 30m,Action
985. They're Here,7.4, (7),1h 14m,Action
988. Wilhelm Gustloff,8.7, (9),1h 50m,Action
"989. Bullets, Brothers and Blood",7.8, (15),1h 25m,Action
992. SMB-plush presents trick or death,8.0, (17),2h,Action
994. Raja 420,6.3, (22),1h 21m,Action
997. S-99,8.7, (2.1K),1h 59m,Action
999. Hocus Focus,7.9, (20),1h 25m,Action
1003. Travesty,7.8, (10),1h 18m,Action
1004. Drunken Swordsman,6.8, (51),1h 31m,Action
1005. Yentha Panichesav Chanti,9.5, (85),2h 15m,Action
1006. Kohinoor,8.1, (22),1h 59m,Action
1010. Prisionera del lente,5.8, (83),Not Rated,Action
1015. Faster: Only one lap,6.9, (24),1h 30m,Action
1019. Anti-Drug Operation,6.7, (6),1h 19m,Action
1021. No Man Standing,8.6, (12),1h 33m,Action
1023. Vey Dharuvey,6.3, (2.3K),2h 7m,Action
1030. Vi possiamo salvare,2.7, (103),1h 29m,Action
1037. Killer Lee,1.9, (9),1h 27m,Action
1039. Los Hijos De Camelia y Emilio,6.5, (38),1h 22m,Action
1040. Passazhiry,4.5, (32),1h 20m,Action
1047. Mandya Haida,6.3, (231),2h 19m,Action
1048. Jiwa 8 Belas,5.0, (19),1h 26m,Action
1049. Give Me Babies,6.7, (6),23m,Action
1054. Three Old Captors,7.0, (50),1h 34m,Action
1055. Riddle of the Shadow Lotus,6.3, (53),1h 32m,Action
1065. Mr. Natwarlal,6.1, (781),2h 10m,Action
1066. Bad Ass Sista,6.4, (10),1h 20m,Action
1067. Las Hermanas Del Cartel,8.2, (5),1h 31m,Action
1085. Dheera Bhagat Roy,8.5, (1.1K),2h 30m,Action
1100. Bush Knife,7.0, (8),1h 30m,Action
1101. Common Creed: Trafficking,5.9, (11),1h 46m,Action
1103. Kyle and the Last Emerald,5.4, (18),20m,Action
1105. Atu Nuvve Itu Nuvve,6.5, (12),2h 3m,Action
1112. Runnin' from Wolves,7.2, (10),2h 13m,Action
1113. Out of the Shadow,6.5, (7),1h 29m,Action
1114. War of the Ninja Monsters: Jaron vs Goura,4.0, (6),55m,Action
1127. The Winter Prophecy,8.1, (14),52m,Action
1128. Sehnsucht nach Firdaws,8.7, (7),1h 43m,Action
1129. Urban Vengeance,5.4, (15),1h 19m,Action
"1136. La Protegida, La Película",9.2, (16),1h 7m,Action
1141. Mahserin Üç Delisi,5.9, (16),1h 18m,Action
1145. Klaantha,6.0, (519),1h 47m,Action
1146. The Vent,8.9, (15),3m,Action
1147. Skhvatka,5.2, (23),1h 47m,Action
1148. Xiao zi,3.5, (12),1h 41m,Action
1152. The Overseas Killer,6.4, (52),1h 44m,Action
1162. The Dragon's Tomb,6.8, (52),1h 17m,Action
1163. Piri Reis: The Incredible Chart,7.0, (27),2h 18m,Action
1164. Janna Endoro,8.1, (15),2h,Action
1165. The End of Hen,9.7, (10),1h 15m,Action
1166. Jimmy's Friends,7.1, (14),1h 34m,Action
1167. Kyle and the Last Emerald 2,8.4, (9),15m,Action
1168. El Cartel De Teresa,8.0, (9),1h 36m,Action
1172. War with the Evil,6.2, (53),1h 25m,Action
1173. Duelo De Capos,6.1, (38),1h 23m,Action
1184. Jefa De Jefas,8.2, (9),1h 22m,Action
1185. El Junior Del Patron,6.9, (14),1h 32m,Action
1186. Zen Fist,7.2, (9),45m,Action
1205. Luna de Hiel,6.0, (29),1h 23m,Action
1206. Spider-Man: Dimension Rift,8.4, (14),2h 7m,Action
1207. Lealtad o Morir,8.2, (9),1h 27m,Action
1209. Siete Vidas - El Levanton,9.6, (5),45m,Action
1225. Bring Back the Colour,6.4, (8),47m,Action
1237. Action of Intelligenagency,6.7, (52),1h 25m,Action
1262. Full Clip for a Snitch,3.6, (19),1h 15m,Action
1263. Captain Superb and the Angel of Destiny,3.0, (14),2h,Action
1297. Gadha17,8.0, (12),1h 30m,Action
1298. PW V: Tears of the Fallen,8.2, (11),1h,Action
1. The Unholy Trinity,6.2, (294),1h 35m,Adventure
2. Gladiator II,6.5, (250K),2h 28m,Adventure
3. Dune: Part Two,8.5, (640K),2h 46m,Adventure
4. Venom: The Last Dance,6.0, (128K),1h 50m,Adventure
5. Twisters,6.5, (175K),2h 2m,Adventure
6. Deadpool & Wolverine,7.5, (506K),2h 8m,Adventure
7. Kraven the Hunter,5.5, (62K),2h 7m,Adventure
8. Flow,7.9, (83K),1h 25m,Adventure
9. Mufasa: The Lion King,6.6, (70K),1h 58m,Adventure
10. Moana 2,6.6, (108K),1h 40m,Adventure
11. Furiosa: A Mad Max Saga,7.5, (291K),2h 28m,Adventure
12. Freaky Tales,6.2, (7K),1h 47m,Adventure
13. Cells at Work!,6.7, (638),1h 49m,Adventure
14. Sonic the Hedgehog 3,6.9, (64K),1h 50m,Adventure
15. The Count of Monte-Cristo,7.6, (37K),2h 58m,Adventure
16. Paddington in Peru,6.7, (25K),1h 46m,Adventure
17. Borderlands,4.7, (50K),1h 41m,Adventure
18. Transformers One,7.6, (54K),1h 44m,Adventure
19. Godzilla x Kong: The New Empire,6.0, (124K),1h 55m,Adventure
20. Ghostbusters: Frozen Empire,6.1, (95K),1h 55m,Adventure
21. Inside Out 2,7.5, (222K),1h 36m,Adventure
22. The Return,6.2, (10K),1h 56m,Adventure
23. Despicable Me 4,6.2, (68K),1h 34m,Adventure
24. Kingdom of the Planet of the Apes,6.8, (154K),2h 25m,Adventure
25. Damsel,6.1, (111K),1h 50m,Adventure
26. Bad Boys: Ride or Die,6.5, (102K),1h 55m,Adventure
27. Red One,6.3, (142K),2h 3m,Adventure
28. The Lord of the Rings: The War of the Rohirrim,6.3, (33K),2h 14m,Adventure
29. Kung Fu Panda 4,6.3, (70K),1h 34m,Adventure
30. Survive,4.6, (3K),1h 30m,Adventure
31. Attack on Titan the Movie: The Last Attack,9.2, (17K),2h 25m,Adventure
32. The Day the Earth Blew Up: A Looney Tunes Movie,6.9, (5.3K),1h 31m,Adventure
33. Uglies,4.7, (34K),1h 40m,Adventure
34. Harold and the Purple Crayon,5.7, (8.8K),1h 30m,Adventure
35. Atlas,5.6, (57K),1h 58m,Adventure
36. Spaceman,5.7, (44K),1h 47m,Adventure
37. Monster Summer,5.7, (4.1K),1h 37m,Adventure
38. The Garfield Movie,5.7, (25K),1h 41m,Adventure
39. Solo Leveling: ReAwakening,8.8, (14K),2h 1m,Adventure
40. Spellbound,5.5, (7.8K),1h 49m,Adventure
41. Kalki 2898-AD,7.0, (68K),3h,Adventure
42. Arthur the King,7.0, (35K),1h 47m,Adventure
43. Sketch,8.4, (67),1h 32m,Adventure
44. Wallace & Gromit: Vengeance Most Fowl,7.5, (36K),1h 22m,Adventure
45. Rebel Moon - Part Two: The Scargiver,5.3, (60K),2h 2m,Adventure
46. Sunlight,7.6, (30),1h 36m,Adventure
47. Lost on a Mountain in Maine,6.1, (1.5K),1h 38m,Adventure
48. My Penguin Friend,6.8, (5.7K),1h 37m,Adventure
49. Family Pack,5.5, (9.5K),1h 34m,Adventure
50. Orion and the Dark,6.3, (18K),1h 33m,Adventure
51. No Way Up,4.6, (11K),1h 30m,Adventure
52. The Goat Life,7.1, (48K),2h 53m,Adventure
53. Crayon Shin-chan: Our Dinosaur Diary,6.6, (594),1h 46m,Adventure
54. Return to Wickensburg,4.8, (68),1h 28m,Adventure
55. Descendants: The Rise of Red,4.7, (7.2K),1h 31m,Adventure
56. Unspeakable: Beyond the Wall of Sleep,5.0, (98),1h 30m,Adventure
57. Sasquatch Sunset,5.4, (5.6K),1h 28m,Adventure
58. Justice League: Crisis on Infinite Earths - Part One,6.2, (8.8K),1h 33m,Adventure
59. Saint-Exupéry,5.4, (492),1h 38m,Adventure
60. Dragonkeeper,5.7, (1.8K),1h 38m,Adventure
61. The Great Lillian Hall,7.3, (2.1K),1h 50m,Adventure
62. Justice League: Crisis on Infinite Earths - Part Three,6.1, (4.8K),1h 34m,Adventure
63. Winner,6.5, (2.7K),1h 43m,Adventure
64. My Hero Academia: You're Next,7.0, (2.6K),1h 50m,Adventure
65. Devara Part 1,6.0, (21K),2h 56m,Adventure
66. Manjummel Boys,8.2, (28K),2h 15m,Adventure
67. Doraemon the Movie: Nobita's Earth Symphony,6.6, (1.6K),1h 55m,Adventure
68. Overlord: The Sacred Kingdom,6.9, (1.4K),2h 15m,Adventure
69. River of Blood,5.0, (2K),1h 26m,Adventure
70. Bookworm,6.0, (2.1K),1h 43m,Adventure
71. That Christmas,6.8, (17K),1h 31m,Adventure
72. Escape from the 21st Century,6.4, (1K),1h 38m,Adventure
73. Badland Hunters,5.9, (13K),1h 47m,Adventure
74. The Best Christmas Pageant Ever,6.8, (6.2K),1h 39m,Adventure
75. Something in the Water,4.1, (5K),1h 26m,Adventure
76. Demon Slayer: Kimetsu No Yaiba - To the Hashira Training,7.2, (8.8K),1h 44m,Adventure
77. Kanguva,4.5, (15K),2h 32m,Adventure
78. Son's Will,7.4, (1K),2h 28m,Adventure
79. The Wages of Fear,4.6, (4.2K),1h 44m,Adventure
80. Captain Miller,6.9, (11K),2h 37m,Adventure
81. The Last Redemption,6.9, (5.2K),2h 2m,Adventure
82. A.R.M,7.1, (8.9K),2h 30m,Adventure
83. Hanu Man,7.7, (29K),2h 38m,Adventure
84. The Twisters,2.6, (393),1h 26m,Adventure
85. Hitpig,5.1, (1.1K),1h 26m,Adventure
86. Escape,6.4, (2.2K),1h 34m,Adventure
87. Anaconda,4.9, (665),1h 24m,Adventure
88. Justice League: Crisis on Infinite Earths - Part Two,5.5, (5.6K),1h 34m,Adventure
89. Bade Miyan Chote Miyan,3.7, (39K),2h 43m,Adventure
90. The Courier,6.0, (4.5K),1h 41m,Adventure
91. Ultraman: Rising,6.9, (6.6K),1h 57m,Adventure
92. Night of the Zoopocalypse,6.0, (898),1h 31m,Adventure
93. Thangalaan,6.5, (6.8K),2h 36m,Adventure
94. Kalvan,5.6, (989),2h 22m,Adventure
95. Sixty Minutes,5.7, (5.3K),1h 28m,Adventure
96. Buffalo Kids,6.6, (770),1h 33m,Adventure
97. Megamind vs. The Doom Syndicate,2.5, (5.7K),1h 23m,Adventure
98. Bambi: A Tale of Life in The Woods,5.6, (245),1h 18m,Adventure
99. A Legend,4.7, (1K),2h 9m,Adventure
100. 200% Wolf,5.9, (1.3K),1h 38m,Adventure
101. Cult Killer,4.8, (2.9K),1h 45m,Adventure
102. The Price of Money: A Largo Winch Adventure,5.1, (1.3K),1h 40m,Adventure
103. Empire Queen,3.2, (233),2h 28m,Adventure
104. Dongeng Sang Kancil,6.6, (218),1h 39m,Adventure
105. Raqa,5.6, (299),1h 47m,Adventure
106. Saving Bikini Bottom: The Sandy Cheeks Movie,3.7, (4K),1h 22m,Adventure
107. Ayalaan,5.9, (4K),2h 35m,Adventure
108. This Too Shall Pass,8.5, (18),1h 45m,Adventure
109. Robin and the Hoods,4.3, (540),1h 40m,Adventure
110. Thelma the Unicorn,5.7, (3K),1h 33m,Adventure
111. No Chains No Masters,6.3, (650),1h 38m,Adventure
112. Seeds,5.0, (221),1h 22m,Adventure
113. Diving Into the Darkness,8.9, (91),1h 36m,Adventure
114. Ghost Island,7.4, (50),1h 35m,Adventure
115. The Firing Squad,5.1, (5.1K),1h 33m,Adventure
116. Going Viral,8.3, (300),1h 30m,Adventure
117. The Backrooms,8.2, (15),1h 3m,Adventure
118. Patsy Lee & the Keepers of the 5 Kingdoms,4.0, (230),1h 49m,Adventure
119. Guest from the Future,6.0, (1.3K),2h 21m,Adventure
120. My Oni Girl,6.0, (1.8K),1h 52m,Adventure
121. My Freaky Family,6.2, (423),1h 26m,Adventure
122. Devil's Knight,5.3, (962),1h 30m,Adventure
123. Never Look Away,7.1, (286),1h 25m,Adventure
124. Birds Flying East,5.8, (602),1h 40m,Adventure
125. Bull Shark 3,3.5, (92),1h 16m,Adventure
126. Dragon Ball Kai: Doragon Bôru Kai,8.5, (84),1h 22m,Adventure
127. Trifole,7.5, (59),1h 40m,Adventure
128. Next to Us,4.8, (229),2h 5m,Adventure
129. Oscar Wilde About America,4.6, (35),1h 38m,Adventure
130. Gladiators,4.5, (109),1h 35m,Adventure
"131. I, the Executioner",6.3, (2K),1h 58m,Adventure
132. The Tiger's Apprentice,5.7, (2.2K),1h 24m,Adventure
133. Woody Woodpecker Goes to Camp,4.5, (2.6K),1h 40m,Adventure
134. Eat the Night,6.0, (560),1h 46m,Adventure
135. The Empire,5.2, (1.3K),1h 50m,Adventure
136. Bureau 749,4.0, (575),2h 3m,Adventure
137. Man and Witch: The Dance of a Thousand Steps,5.5, (351),1h 34m,Adventure
138. Angels Fallen: Warriors of Peace,4.8, (5.8K),1h 43m,Adventure
139. Golden Kamuy,6.3, (2.6K),2h 7m,Adventure
140. Rebellious,6.1, (233),1h 34m,Adventure
141. Noah's Ark,4.3, (700),1h 36m,Adventure
142. The Sloth Lane,5.6, (233),1h 30m,Adventure
143. Operation Blood Hunt,3.4, (511),1h 33m,Adventure
144. The Kingdom,7.0, (144),2h 13m,Adventure
145. Autumn and the Black Jaguar,5.6, (1K),1h 40m,Adventure
146. Kaizen,7.1, (734),2h 40m,Adventure
147. Oculus,6.0, (15),1h 53m,Adventure
148. Gaami,6.3, (2.1K),2h 27m,Adventure
149. The Mountain,6.6, (166),1h 29m,Adventure
151. Witch Hunter,4.8, (26),1h 20m,Adventure
152. Dalia y el Libro Rojo,5.9, (148),1h 47m,Adventure
153. Poklad,4.4, (49),1h 40m,Adventure
154. School of Magical Animals 3,5.7, (346),1h 45m,Adventure
155. Bionic,4.3, (1.8K),1h 50m,Adventure
156. Roadkill,3.7, (694),1h 30m,Adventure
157. War of the Worlds: Extinction,3.0, (212),1h 24m,Adventure
158. Seven Seas Seven Hills,8.6, (95),1h 30m,Adventure
159. No Time to Spy: A Loud House Movie,6.3, (490),1h 21m,Adventure
160. Lumina,2.1, (702),1h 53m,Adventure
161. Mobile Suit Gundam SEED Freedom,6.6, (980),2h 4m,Adventure
162. At Her Feet,7.2, (52),1h 40m,Adventure
163. Barroz,3.4, (1K),2h 35m,Adventure
164. The Last Ronin,4.9, (591),1h 55m,Adventure
165. Big City Greens the Movie: Spacecation,6.2, (575),1h 23m,Adventure
166. Panda Bear in Africa,5.5, (370),1h 24m,Adventure
167. Diplodocus,6.3, (196),1h 30m,Adventure
169. Chhota Bheem and the Curse of Damyaan,4.8, (2.3K),2h 25m,Adventure
170. Gracie and Pedro: Pets to the Rescue,5.0, (287),1h 27m,Adventure
171. Giants of La Mancha,6.2, (579),1h 28m,Adventure
172. Chuck Billy and the Marvelous Guava Tree,7.4, (1.2K),1h 30m,Adventure
173. Pimpinero: Blood and Oil,5.6, (573),2h 1m,Adventure
174. Five Friends,6.7, (958),1h 52m,Adventure
175. Sam and Colby: The Legends of the Paranormal,4.8, (314),1h 38m,Adventure
176. Un lío de millones,5.3, (261),1h 31m,Adventure
177. The Last of Us: Immunity,4.4, (31),1h 4m,Adventure
178. Naa Saami Ranga,4.5, (1.2K),2h 30m,Adventure
179. The Lost Tiger,7.9, (51),1h 30m,Adventure
180. WWII: Operation Phoenix,5.8, (98),1h 46m,Adventure
181. Alpha.,6.9, (265),1h 40m,Adventure
182. The Casagrandes Movie,5.6, (690),1h 29m,Adventure
183. Road Wars: Max Fury,2.0, (368),1h 23m,Adventure
185. Meanwhile on Earth,6.0, (950),1h 29m,Adventure
186. The Magic Reindeer Saving Santa's Sleigh,6.1, (352),1h 26m,Adventure
187. Treasure Trackers,5.8, (170),1h 32m,Adventure
188. I Heart Robots,4.6, (2.4K),1h 16m,Adventure
189. Rally Caps,5.5, (143),1h 40m,Adventure
190. The Goat,5.9, (387),1h 31m,Adventure
191. Dünya Varmis,6.6, (68),1h 40m,Adventure
193. Major Grom: The Game,6.1, (1.9K),2h 48m,Adventure
194. Spiders on a Plane,5.0, (380),1h 18m,Adventure
195. All for One,1.4, (676),1h 37m,Adventure
196. Earthquake Underground,3.3, (202),1h 23m,Adventure
197. One Million Babes BC,2.2, (88),1h 15m,Adventure
198. The Epidemic,5.9, (71),1h 35m,Adventure
200. The Waves of Madness,5.8, (97),1h 8m,Adventure
201. Taklee Genesis x Worlds Collide,5.4, (428),2h 26m,Adventure
202. Odio el verano,5.1, (612),1h 43m,Adventure
203. Z-Mom,4.9, (47),1h 30m,Adventure
204. Little Emma,5.4, (132),1h 46m,Adventure
205. Appu,8.1, (189),1h 32m,Adventure
206. Bolshoe puteshestvie. Vokrug sveta,5.6, (67),1h 25m,Adventure
207. Yi ren zhi xia,5.2, (213),2h 14m,Adventure
208. The Adventures of Jurassic Pet: Return to the Wild,5.4, (77),1h 30m,Adventure
209. Si Juki the Movie: Harta Pulau Monyet,6.0, (128),1h 47m,Adventure
"210. Maya, donne-moi un titre",6.3, (62),1h 1m,Adventure
211. Formed Police Unit,4.7, (1.4K),2h,Adventure
212. Marianengraben,7.3, (93),1h 27m,Adventure
213. Its Name Was Mormo,3.6, (126),1h 33m,Adventure
214. Buddy,3.8, (357),2h 17m,Adventure
215. Frankenstein Theater: The Magic Sword,4.1, (24),1h 22m,Adventure
216. Rocky Road to Berlin,7.2, (1.5K),1h 44m,Adventure
218. Elli and the Ghostly Ghost Train,5.1, (109),1h 26m,Adventure
219. Stinky Summer,5.5, (57),1h 30m,Adventure
221. My Fathers' Daughter,6.5, (83),1h 18m,Adventure
222. Shrek 5: The Contract - A Fan Made Film,7.2, (21),1h 24m,Adventure
223. Spirit Riser,6.6, (37),1h 38m,Adventure
224. My Redneck Neighbor: Chapter 2 - Let the Games Begin,5.8, (10),55m,Adventure
225. The Forest,6.3, (49),1h 17m,Adventure
226. Mong Vuot,5.0, (171),1h 36m,Adventure
227. Planetquake,3.0, (319),1h 25m,Adventure
228. The Slave and the Sorcerer,6.6, (43),1h 26m,Adventure
229. Fox & Hare Save the Forest,5.9, (217),1h 11m,Adventure
230. Ahl Al Kahf,5.2, (288),2h,Adventure
231. Bremenskie muzykanty,4.6, (694),1h 55m,Adventure
233. Tokusou Sentai Dekaranger 20th: Fireball Booster,7.2, (36),50m,Adventure
234. Kodaikanal,9.2, (71),2h 53m,Adventure
235. Death Game,6.3, (26),1h 28m,Adventure
236. Samaya bolshaya luna,2.4, (141),1h 45m,Adventure
238. Teenz,4.4, (867),2h 2m,Adventure
239. Ice Maiden,8.6, (84),1h 30m,Adventure
240. Vertical,5.2, (147),1h 51m,Adventure
241. Amazon Bullseye,5.2, (220),1h 53m,Adventure
242. Jurassic Triangle,2.4, (287),1h 24m,Adventure
243. Güzel Bir Rüya,4.6, (49),1h 19m,Adventure
244. The Phantom Warrior,2.4, (556),1h 59m,Adventure
245. Fûto Tantei: Kamen Rider Skull no Shôzô,7.4, (49),1h 22m,Adventure
247. Transformers Prime: Galavatron's Revenge,4.5, (16),1h 44m,Adventure
248. Gepack,6.6, (371),1h 37m,Adventure
249. The Blinkless,6.9, (16),59m,Adventure
"251. Silex and the City, le film",4.9, (54),1h 17m,Adventure
252. Friendly Fire,6.0, (69),1h 45m,Adventure
253. Nintama Rantaro Dokutake Ninja-tai Saikyou no Gunshi,7.1, (41),1h 30m,Adventure
254. Jathara,7.8, (1.1K),2h 9m,Adventure
256. Powder Pup,6.1, (79),1h 29m,Adventure
257. Luigi's Mansion,5.9, (20),1h,Adventure
258. Dead Dead Demon's Dededede Destruction,7.1, (150),2h,Adventure
259. Nanoshark,5.4, (23),12,Adventure
260. Kvitebjørn,5.9, (78),1h 25m,Adventure
262. Yolki 11,4.7, (177),1h 32m,Adventure
263. Dikkie Dik en de Verdwenen Knuffel,7.3, (131),1h 2m,Adventure
264. The Secret of Pin-Up Island,7.4, (97),1h 47m,Adventure
265. Cândido,6.3, (64),1h 39m,Adventure
266. Daye: Seret ahl el Daye,7.6, (19),1h 44m,Adventure
268. Surge of Power: Where There's Smoke,5.9, (14),1h 8m,Adventure
269. Memes & Nightmares,5.7, (92),1h 21m,Adventure
270. Stranded Pearl,6.0, (27),1h 30m,Adventure
271. Captain Avispa,5.7, (180),1h 36m,Adventure
272. Game On,2.6, (357),1h 25m,Adventure
273. LasseMajas detektivbyrå - Maskoten som försvann,6.0, (64),1h 30m,Adventure
275. Igrisca ne damo!,6.9, (32),1h 19m,Adventure
276. Ognivo,5.5, (237),1h 45m,Adventure
277. The Star City Murders,4.1, (146),1h 19m,Adventure
278. The Umbrella Fairy,5.7, (61),1h 35m,Adventure
280. My Redneck Neighbor: Chapter 1 - The Rednecks Are Coming,6.4, (10),1h 14m,Adventure
281. Yaren Leylek,5.4, (37),1h 35m,Adventure
282. Six Nine Five (695),7.0, (707),2h 17m,Adventure
283. Die Chaosschwestern und Pinguin Paul,5.6, (73),1h 40m,Adventure
284. Rocky and Bullwinkle,9.2, (16),1h 40m,Adventure
285. A Trip Elsewhere,5.4, (112),1h 33m,Adventure
286. Tulang Belulang Tulang,7.1, (50),1h 35m,Adventure
288. The Eye of the Salamander,8.4, (21),1h 21m,Adventure
"291. Zak & Wowo, la légende de Lendarys",5.7, (102),1h 25m,Adventure
292. Cazatesoros,6.4, (29),1h 46m,Adventure
293. Kiyma: Orman Kanunlari,3.9, (40),1h 21m,Adventure
294. Triple 7,8.5, (14),1h 37m,Adventure
295. Mountain Boy,8.3, (28),1h 33m,Adventure
"296. Fallen Leaves, Broken Lighters",7.7, (8),1h 36m,Adventure
297. Arctic Hollow,2.3, (184),1h 10m,Adventure
298. Permafrost,5.7, (115),1h 20m,Adventure
300. The Trail,7.8, (38),1h 20m,Adventure
301. STEVE (A Minecraft Movie),6.9, (12),1h 1m,Adventure
302. De Legende van Familie Vos,5.7, (59),1h 21m,Adventure
304. Warrior Awang and Master Tok Gajah,4.6, (484),1h 58m,Adventure
305. Letuchiy korabl,3.8, (303),1h 40m,Adventure
306. Champions of the Golden Valley,9.2, (78),1h 21m,Adventure
307. Mama,8.5, (7),1h 40m,Adventure
308. Kade,6.3, (18),1h 32m,Adventure
310. Tay 2: Ebabil Takimi,4.9, (45),1h 18m,Adventure
311. Il cammino: Viaggio in Calabria,9.7, (6),58m,Adventure
312. Masha i Medved v kino: Park chudes,7.4, (18),58m,Adventure
313. Dreams,6.9, (9),1h 46m,Adventure
314. Lo carga el diablo,7.6, (29),1h 43m,Adventure
315. Shadows of Betrayal: Chronicles of Ian Blair,7.5, (14),1h 5m,Adventure
316. Tipppsy,8.1, (34),1h 55m,Adventure
317. Dikkie Dik 2: Een Nieuwe Vriend voor Dikkie Dik,7.4, (75),1h 10m,Adventure
318. Tri bogatyrya. Ni dnya bez podviga,5.8, (75),1h 1m,Adventure
319. Askepote,3.5, (85),1h 12m,Adventure
320. Wandafuru Purikyua! Za mubi! Doki Doki Game no Sekai de Daiboken,6.8, (36),1h 11m,Adventure
321. Piraty galaktiki Barrakuda,4.6, (86),1h 32m,Adventure
322. Goodbye Hamdi,6.6, (12),1h 25m,Adventure
323. Pui Pui Molcar the Movie: Molmax,7.0, (9),1h 9m,Adventure
324. Banana Boat,5.5, (21),1h 18m,Adventure
327. The Yoshi Movie,7.9, (14),1h 45m,Adventure
328. QAnon Avenue,10.0, (7),57m,Adventure
329. Benjamin Bat,7.8, (33),1h 15m,Adventure
330. Ngesot,4.8, (18),1h 27m,Adventure
331. Colour Palette,9.4, (52),1h 27m,Adventure
332. Nature Cat's Nature Movie Special Extraordinaire,7.3, (19),53m,Adventure
333. Hain,2.9, (51),1h 35m,Adventure
335. Tri kota. Zimnie kanikuly,6.6, (35),1h 5m,Adventure
336. StarGazer: The Need of the Many,5.0, (12),47m,Adventure
337. Satu - Year of the Rabbit,9.0, (60),1h 33m,Adventure
338. Håkan Bråkan 2,5.3, (142),1h 32m,Adventure
339. Dünya Mali: Eksi Bir,7.2, (18),2h 13m,Adventure
340. This Land of Mine,4.5, (38),1h 30m,Adventure
341. The Worlds Divide,7.9, (40),2h,Adventure
343. Turma da Mônica Jovem: Reflexos do Medo,2.8, (259),1h 28m,Adventure
344. Vikaasaparva,8.7, (542),2h 14m,Adventure
345. Wonderland,6.8, (13),2h,Adventure
346. Troy the Bharat Putra,5.5, (33),2h 14m,Adventure
348. Kido senshi Gandamu: Ginhai no Gen'ei,6.1, (13),1h 30m,Adventure
350. Son of the Wolf,4.0, (6),1h 22m,Adventure
351. Dou Po Cangqiong 3: Chu E,5.0, (11),1h 21m,Adventure
353. Ivan Tsarevich i Seryy Volk 6,5.7, (99),1h 25m,Adventure
354. Orango,7.3, (75),1h 34m,Adventure
355. New Dragon Gate Inn,2.9, (7),1h 13m,Adventure
357. Joachim and the Apocalypse,7.5, (16),1h 30m,Adventure
359. Chernyy zamok,5.0, (57),1h 55m,Adventure
360. Petualangan Anak Penangkap Hantu,5.9, (27),1h 39m,Adventure
361. Hope & Glory,6.6, (148),44m,Adventure
362. Jaunt,8.7, (8),1h 18m,Adventure
363. Beyond existence,4.1, (23),1h 35m,Adventure
366. Bratya,2.8, (131),1h 43m,Adventure
367. Moy dikiy drug,6.5, (64),1h 40m,Adventure
368. Zoloto Umalty,4.9, (114),1h 49m,Adventure
370. Nothing Unusual,8.8, (13),1h 32m,Adventure
372. Baba Yaga spasaet Novyy god,4.4, (121),1h 39m,Adventure
375. Shanghai Story,8.1, (65),1h 11m,Adventure
377. Oyunda Kal: Eglence Arenasi,2.5, (38),1h 32m,Adventure
379. Advent,7.5, (6),1h 59m,Adventure
380. Steal the Naughty List,6.2, (127),1h 30m,Adventure
382. Longe da Estrada,6.0, (9),1h 8m,Adventure
385. Mai Martaba,4.8, (10),1h 26m,Adventure
387. Dead Dead Demon's Dededede Destruction Zenpen,7.1, (143),2h,Adventure
388. Xibalba Monster,6.7, (31),1h 16m,Adventure
389. BAM!,7.0, (30),1h 20m,Adventure
390. Abudeka Is Back,5.4, (41),2h,Adventure
391. Anytime,8.9, (25),1h 2m,Adventure
392. Famous Patrick (A Super SpongeBob Fan Movie),8.7, (26),53m,Adventure
395. A Christmas Carol,9.8, (11),39m,Adventure
396. Historia de pastores,5.5, (34),1h 20m,Adventure
397. Two Breaths,7.9, (35),18m,Adventure
398. Yasmeen's Element,7.6, (21),1h 16m,Adventure
403. Heavens: The Boy and His Robot,6.3, (22),1h 38m,Adventure
404. Tur s Ivanushkami,5.3, (162),1h 51m,Adventure
405. Mesken (Messuage),7.4, (45),1h 42m,Adventure
406. Operation Wakaliga: Fate and Blood,6.7, (12),1h 6m,Adventure
407. Manyunya. Priklyucheniya v Moskve,5.8, (111),1h 27m,Adventure
408. Bar MoskvaChiki,5.2, (105),1h 31m,Adventure
411. The Bigfoot Prophecy,4.8, (23),1h 57m,Adventure
415. Vasilisa i khraniteli vremeni,3.1, (71),1h 38m,Adventure
416. The Ballad of Straw Hat Sam,9.2, (11),45m,Adventure
417. Boom!,8.3, (11),1h 30m,Adventure
418. Mortadella,8.4, (8),1h 30m,Adventure
422. Isle: Alpha One,8.4, (7),1h 37m,Adventure
425. Manyunya. Priklyucheniya v derevne,5.9, (120),1h 24m,Adventure
427. Antarctic Voyage,6.8, (6),48m,Adventure
429. The Last Five Days: The Freak Building,3.7, (60),1h 1m,Adventure
432. Suvorovets 1944,3.4, (26),1h 30m,Adventure
433. Novogodniy ekspress,8.5, (8),47m,Adventure
435. The Very Last Christmas,8.6, (12),1h 15m,Adventure
439. Tracing the Divide,8.8, (173),1h 24m,Adventure
443. Whites Only: Ade's Extremist Adventure,6.8, (28),1h 5m,Adventure
444. Príncipe Lu e a Lenda do Dragão,4.1, (29),1h 30m,Adventure
445. Dandelions,8.9, (9),1h 35m,Adventure
446. Wilhelm Gustloff,8.7, (9),1h 50m,Adventure
450. Moy lyubimyy chempion,2.3, (421),1h 35m,Adventure
452. Suchana,8.7, (511),1h 30m,Adventure
453. Dracu Ra,5.6, (41),1h 46m,Adventure
458. Abar Arownne Din Ratri,8.0, (8),1h 51m,Adventure
459. LUDA,7.2, (6),1h 26m,Adventure
460. Skazochnyy patrul. Shou prodolzhayetsya,7.2, (11),1h 5m,Adventure
465. The Kingfish 2,7.9, (12),1h 12m,Adventure
469. Novyy god v Beryozovke,7.1, (100),1h 34m,Adventure
471. Applepictures the Poseidon Legacy,6.4, (19),1h 24m,Adventure
"476. Poymay sobaku, esli smozhesh",3.6, (38),1h 36m,Adventure
483. Chyortov kamen,4.4, (21),1h 45m,Adventure
487. Luccas e Gi em: Dinossauros,3.5, (28),1h 31m,Adventure
488. Adam i Eva,5.1, (95),1h 35m,Adventure
492. The Ghost of Annie Lee,4.8, (5),1h 43m,Adventure
493. Let's Go! Anpanman: Baikinman and Lulun,6.5, (7),1h 4m,Adventure
497. No More Trouble - Cosa rimane di una tempesta,8.6, (20),1h 37m,Adventure
499. Sehnsucht nach Firdaws,8.7, (7),1h 43m,Adventure
502. Il ricercatore,6.4, (9),1h 11m,Adventure
506. V potoke trekh stikhiy,5.2, (42),1h 25m,Adventure
512. Turbozavry. God drakona,9.2, (43),48m,Adventure
513. The Dragon's Tomb,6.8, (52),1h 17m,Adventure
514. Piri Reis: The Incredible Chart,7.0, (27),2h 18m,Adventure
515. Kyle and the Last Emerald 2,8.4, (9),15m,Adventure
516. Pirates & Slaves,5.8, (6),53m,Adventure
520. YA - medved,5.0, (61),1h 37m,Adventure
521. Tayna Chyornoy Ruki,5.7, (24),1h 24m,Adventure
522. Selebryata,3.8, (20),1h 33m,Adventure
529. Gostya iz kosmosa,8.7, (7),1h 10m,Adventure
530. Mukhadrakon,5.3, (18),1h 49m,Adventure
549. Okhota na russkogo geniya,5.1, (12),1h 11m,Adventure
555. Lajjpal,9.0, (8),4h 12m,Adventure
556. Mao pai te gong,3.7, (8),1h 35m,Adventure
573. PW V: Tears of the Fallen,8.2, (11),1h,Adventure
574. Beyaz Zenciler: Yapim Asamasi,8.6, (5),55m,Adventure
1. The Wild Robot,8.2, (179K),1h 42m,Animation
2. Flow,7.9, (83K),1h 25m,Animation
3. Mufasa: The Lion King,6.6, (70K),1h 58m,Animation
4. Moana 2,6.6, (108K),1h 40m,Animation
5. Paddington in Peru,6.7, (25K),1h 46m,Animation
6. Transformers One,7.6, (54K),1h 44m,Animation
7. Inside Out 2,7.5, (222K),1h 36m,Animation
8. Despicable Me 4,6.2, (68K),1h 34m,Animation
9. IF,6.4, (59K),1h 44m,Animation
10. The Lord of the Rings: The War of the Rohirrim,6.3, (33K),2h 14m,Animation
11. Kung Fu Panda 4,6.3, (70K),1h 34m,Animation
12. Attack on Titan the Movie: The Last Attack,9.2, (17K),2h 25m,Animation
13. The Day the Earth Blew Up: A Looney Tunes Movie,6.9, (5.3K),1h 31m,Animation
14. Memoir of a Snail,7.8, (19K),1h 35m,Animation
15. Harold and the Purple Crayon,5.7, (8.8K),1h 30m,Animation
16. The Garfield Movie,5.7, (25K),1h 41m,Animation
17. Solo Leveling: ReAwakening,8.8, (14K),2h 1m,Animation
18. Spellbound,5.5, (7.8K),1h 49m,Animation
19. Wallace & Gromit: Vengeance Most Fowl,7.5, (36K),1h 22m,Animation
20. Spermageddon,5.6, (1K),1h 20m,Animation
21. Piece by Piece,6.9, (6K),1h 33m,Animation
22. Look Back,7.8, (16K),58m,Animation
23. Dan Da Dan: First Encounter,8.2, (2.9K),1h 23m,Animation
24. Watchmen: Chapter I,7.1, (7K),1h 23m,Animation
25. Orion and the Dark,6.3, (18K),1h 33m,Animation
26. Crayon Shin-chan: Our Dinosaur Diary,6.6, (594),1h 46m,Animation
27. Watchmen: Chapter II,7.1, (3.4K),1h 30m,Animation
28. The Remarkable Life of Ibelin,8.2, (13K),1h 43m,Animation
29. Justice League: Crisis on Infinite Earths - Part One,6.2, (8.8K),1h 33m,Animation
30. Xiong shi shao nian 2,7.5, (354),2h 14m,Animation
31. Dragonkeeper,5.7, (1.8K),1h 38m,Animation
32. Justice League: Crisis on Infinite Earths - Part Three,6.1, (4.8K),1h 34m,Animation
33. My Hero Academia: You're Next,7.0, (2.6K),1h 50m,Animation
34. The Most Precious of Cargoes,7.1, (1.4K),1h 21m,Animation
35. Haikyuu!! The Dumpster Battle,7.7, (6.5K),1h 25m,Animation
36. Doraemon the Movie: Nobita's Earth Symphony,6.6, (1.6K),1h 55m,Animation
37. The Colors Within,7.1, (1.1K),1h 41m,Animation
38. Overlord: The Sacred Kingdom,6.9, (1.4K),2h 15m,Animation
39. That Christmas,6.8, (17K),1h 31m,Animation
40. Demon Slayer: Kimetsu No Yaiba - To the Hashira Training,7.2, (8.8K),1h 44m,Animation
41. Lesbian Space Princess,7.1, (178),1h 27m,Animation
42. Hitpig,5.1, (1.1K),1h 26m,Animation
43. Justice League: Crisis on Infinite Earths - Part Two,5.5, (5.6K),1h 34m,Animation
44. Ultraman: Rising,6.9, (6.6K),1h 57m,Animation
45. Night of the Zoopocalypse,6.0, (898),1h 31m,Animation
46. White Snake: Afloat,6.9, (553),2h 13m,Animation
47. Given Movie 3: Umi e,7.6, (123),1h 20m,Animation
48. Boys Go to Jupiter,6.8, (111),1h 30m,Animation
49. Frida,7.5, (1.5K),1h 27m,Animation
50. Gekijô-ban Blue Lock -Episode Nagi-,6.6, (2.6K),1h 31m,Animation
51. Buffalo Kids,6.6, (770),1h 33m,Animation
52. Megamind vs. The Doom Syndicate,2.5, (5.7K),1h 23m,Animation
53. Mars,8.4, (24),1h 24m,Animation
54. The Glassworker,7.2, (1.9K),1h 38m,Animation
55. From Ground Zero,7.9, (567),1h 52m,Animation
56. 200% Wolf,5.9, (1.3K),1h 38m,Animation
57. Detective Conan: The Million-Dollar Pentagram,6.7, (1.6K),1h 51m,Animation
58. Dongeng Sang Kancil,6.6, (218),1h 39m,Animation
59. Saving Bikini Bottom: The Sandy Cheeks Movie,3.7, (4K),1h 22m,Animation
60. The Quintessential Quintuplets Specials 2,6.9, (156),46m,Animation
61. Thelma the Unicorn,5.7, (3K),1h 33m,Animation
62. Mononoke the Movie: The Phantom in the Rain,6.7, (1.4K),1h 29m,Animation
63. Grand Theft Hamlet,6.9, (2.2K),1h 29m,Animation
64. Re: Zero - Starting Life in Another World- Season 3 Episode 1 90-minute Special 'Theatrical Malice',8.7, (1.3K),1h 30m,Animation
65. My Oni Girl,6.0, (1.8K),1h 52m,Animation
66. My Freaky Family,6.2, (423),1h 26m,Animation
"67. Angelo, dans la forêt mystérieuse",6.0, (133),1h 21m,Animation
68. Rafadan Tayfa: Kapadokya,6.6, (132),1h 24m,Animation
69. Dragon Ball Kai: Doragon Bôru Kai,8.5, (84),1h 22m,Animation
70. 10 Lives,5.9, (2K),1h 28m,Animation
71. Johnny Puff: Secret Mission,4.9, (461),1h 27m,Animation
72. The Tiger's Apprentice,5.7, (2.2K),1h 24m,Animation
73. Woody Woodpecker Goes to Camp,4.5, (2.6K),1h 40m,Animation
74. Limonov: The Ballad of Eddie,5.9, (1.1K),2h 18m,Animation
75. The Night Before Christmas in Wonderland,6.3, (527),1h 20m,Animation
76. Ryan's World the Movie: Titan Universe Adventure,1.8, (726),1h 20m,Animation
77. Baki Hanma VS Kengan Ashura,5.7, (2K),1h 2m,Animation
78. Rebellious,6.1, (233),1h 34m,Animation
79. Noah's Ark,4.3, (700),1h 36m,Animation
80. The Sloth Lane,5.6, (233),1h 30m,Animation
81. Super-Charlie,5.8, (164),1h 20m,Animation
82. Hola Frida,7.1, (38),1h 22m,Animation
83. Savages,6.8, (387),1h 27m,Animation
84. Living Large,7.0, (169),1h 20m,Animation
85. Dalia y el Libro Rojo,5.9, (148),1h 47m,Animation
86. No Time to Spy: A Loud House Movie,6.3, (490),1h 21m,Animation
87. Mobile Suit Gundam SEED Freedom,6.6, (980),2h 4m,Animation
88. (S)KiDS,8.7, (140),1h 25m,Animation
89. Big City Greens the Movie: Spacecation,6.2, (575),1h 23m,Animation
90. Ghost Cat Anzu,6.5, (855),1h 37m,Animation
91. Panda Bear in Africa,5.5, (370),1h 24m,Animation
92. Out of the Nest,6.5, (126),1h 24m,Animation
93. Fureru,6.2, (52),1h 47m,Animation
94. Diplodocus,6.3, (196),1h 30m,Animation
95. Luo Fan Chen,6.8, (184),1h 58m,Animation
96. Peppa's Cinema Party,4.9, (157),1h 5m,Animation
97. Gracie and Pedro: Pets to the Rescue,5.0, (287),1h 27m,Animation
98. Giants of La Mancha,6.2, (579),1h 28m,Animation
99. Sabbath Queen,8.0, (69),1h 45m,Animation
100. The Lost Tiger,7.9, (51),1h 30m,Animation
101. Uma Musume: Pretty Derby - Beginning of a New Era,7.4, (152),1h 48m,Animation
103. The Casagrandes Movie,5.6, (690),1h 29m,Animation
104. Given the Movie: Hiiragi Mix,7.6, (224),1h 10m,Animation
106. The Magic Reindeer Saving Santa's Sleigh,6.1, (352),1h 26m,Animation
107. Inanimate Insanity II: The Movie,8.2, (244),1h 46m,Animation
109. Terra Incognita 1901,5.4, (62),1h 18m,Animation
110. Mariposas Negras,7.1, (73),1h 23m,Animation
111. Boonie Bears: Time Twist,6.0, (176),1h 45m,Animation
112. Little Emma,5.4, (132),1h 46m,Animation
113. Appu,8.1, (189),1h 32m,Animation
114. Bolshoe puteshestvie. Vokrug sveta,5.6, (67),1h 25m,Animation
115. Where the Robots Grow,2.6, (529),1h 28m,Animation
116. Norbert,6.7, (16),1h 15m,Animation
117. Si Juki the Movie: Harta Pulau Monyet,6.0, (128),1h 47m,Animation
"118. Maya, donne-moi un titre",6.3, (62),1h 1m,Animation
"119. Die Heinzels: Neue Mützen, Neue Mission",6.4, (104),1h 16m,Animation
120. Kizumonogatari: Koyomi Vamp,7.1, (106),2h 24m,Animation
121. Toemalog,6.4, (127),1h 25m,Animation
123. Elli and the Ghostly Ghost Train,5.1, (109),1h 26m,Animation
124. Heartsping : Teenieping of Love,7.1, (29),TV-Y,Animation
125. Shrek 5: The Contract - A Fan Made Film,7.2, (21),1h 24m,Animation
126. My Redneck Neighbor: Chapter 2 - Let the Games Begin,5.8, (10),55m,Animation
127. SuperKlaus,4.3, (204),1h 28m,Animation
128. Maxxie LaWow: Drag Super-shero,8.7, (65),1h 54m,Animation
129. Fox & Hare Save the Forest,5.9, (217),1h 11m,Animation
131. The Proud Princess,6.5, (136),1h 24m,Animation
132. Olivia & the Clouds,7.2, (58),1h 21m,Animation
133. Bloody Escape,5.5, (57),1h 40m,Animation
134. Sanatorium Under the Sign of the Hourglass,5.4, (134),1h 15m,Animation
135. The Storm,6.0, (144),1h 42m,Animation
136. Jon Vardar protiv Galaksijata,8.2, (77),1h 26m,Animation
137. Theater Compilation Bocchi the Rock! Re:,7.5, (196),1h 30m,Animation
138. Uma & Haggen: Mitos,7.4, (56),1h 34m,Animation
139. Fûto Tantei: Kamen Rider Skull no Shôzô,7.4, (49),1h 22m,Animation
140. Transformers Prime: Galavatron's Revenge,4.5, (16),1h 44m,Animation
141. Trapezium,6.2, (165),1h 35m,Animation
"142. Silex and the City, le film",4.9, (54),1h 17m,Animation
143. Schirkoa: In Lies We Trust,5.5, (165),1h 43m,Animation
144. Nintama Rantaro Dokutake Ninja-tai Saikyou no Gunshi,7.1, (41),1h 30m,Animation
145. Woolina and the No Birds,8.2, (51),1h 20m,Animation
147. Ya Boy Kongming! Road to Summer Sonia,7.4, (42),1h 59m,Animation
148. Dead Dead Demon's Dededede Destruction,7.1, (150),2h,Animation
149. God with Three Eyes,5.7, (26),1h 52m,Animation
150. Double Tuckerr,4.9, (1.2K),2h,Animation
151. Kvitebjørn,5.9, (78),1h 25m,Animation
152. Jin Ling Yu Mao,7.9, (7),1h 37m,Animation
153. Tobias and the Arcane Merchant,9.0, (46),2h 47m,Animation
154. Quo Vadis,6.4, (515),1h 30m,Animation
155. Dikkie Dik en de Verdwenen Knuffel,7.3, (131),1h 2m,Animation
156. A Few Moments of Cheers,7.3, (52),1h 8m,Animation
159. Kuramerukagari,5.8, (87),1h 1m,Animation
160. Formula vody,4.6, (37),1h 26m,Animation
161. Captain Avispa,5.7, (180),1h 36m,Animation
162. Ganbatte Ikimasshoi,5.2, (13),1h 35m,Animation
164. PAPmusic - Animation for Fashion,1.0, (166),1h 25m,Animation
165. The Umbrella Fairy,5.7, (61),1h 35m,Animation
166. Le parfum d'Irak,8.0, (51),1h 35m,Animation
169. Rocky and Bullwinkle,9.2, (16),1h 40m,Animation
170. Rock Bottom,6.2, (55),1h 26m,Animation
"171. Robotia, the Movie",7.6, (31),1h 26m,Animation
"172. Zak & Wowo, la légende de Lendarys",5.7, (102),1h 25m,Animation
173. Astra,6.8, (8),1h 20m,Animation
174. Slocum et moi,7.3, (79),1h 15m,Animation
176. Nie Xiaoqian,6.2, (18),1h 52m,Animation
177. STEVE (A Minecraft Movie),6.9, (12),1h 1m,Animation
178. DreadClub: Vampire's Verdict,4.8, (63),1h 28m,Animation
179. Code Geass: Rozé of the Recapture - Part 1,7.6, (42),1h 14m,Animation
180. Animal Tales of Christmas Magic,6.8, (52),1h 12m,Animation
182. TWST: Things We Said Today,7.0, (63),1h 26m,Animation
183. Balentes,7.4, (8),1h 10m,Animation
184. Tay 2: Ebabil Takimi,4.9, (45),1h 18m,Animation
185. Luntik. Vozvrashchenie domoy,6.4, (80),TV-Y,Animation
186. Meitantei Conan Bâsasu Kaitô Kiddo,6.1, (170),1h 21m,Animation
188. Masha i Medved v kino: Park chudes,7.4, (18),58m,Animation
189. Transformers: 40th Anniversary Event,7.4, (30),1h 36m,Animation
190. Motu Patlu & The Race to the Diamond Valley,7.9, (29),1h 12m,Animation
192. Gekijô sôshûhen Bocchi the Rock! Re: Re:,7.4, (132),1h 17m,Animation
195. Dikkie Dik 2: Een Nieuwe Vriend voor Dikkie Dik,7.4, (75),1h 10m,Animation
196. Tri bogatyrya. Ni dnya bez podviga,5.8, (75),1h 1m,Animation
197. Askepote,3.5, (85),1h 12m,Animation
198. Yumiui Sepodeul Deo Mubi,6.2, (53),1h 33m,Animation
199. Wandafuru Purikyua! Za mubi! Doki Doki Game no Sekai de Daiboken,6.8, (36),1h 11m,Animation
200. Xi Yang Yang yu Hui Tai Lang: Shou hu,6.6, (16),1h 36m,Animation
201. Pui Pui Molcar the Movie: Molmax,7.0, (9),1h 9m,Animation
203. Benjamin Bat,7.8, (33),1h 15m,Animation
205. Max Beyond,6.6, (18),1h 33m,Animation
207. Nature Cat's Nature Movie Special Extraordinaire,7.3, (19),53m,Animation
208. Hello My Beautiful Creatures,6.8, (173),2h 22m,Animation
209. Tri kota. Zimnie kanikuly,6.6, (35),1h 5m,Animation
210. Gujeyeog-eseo sal-a dol-aon dwaeji,5.0, (13),1h 45m,Animation
211. Motu Patlu & The Rise of Zombies,6.9, (17),1h 14m,Animation
212. Bartali's Bicycle,7.6, (9),1h 20m,Animation
213. The Worlds Divide,7.9, (40),2h,Animation
214. Ugly Sweater,7.1, (13),1h 20m,Animation
215. Kido senshi Gandamu: Ginhai no Gen'ei,6.1, (13),1h 30m,Animation
216. Lilla spöket Laban spökar igen,6.2, (30),44m,Animation
217. Day of the Diesels,7.7, (10),1h 40m,Animation
218. Ivan Tsarevich i Seryy Volk 6,5.7, (99),1h 25m,Animation
219. Be Forever Yamato: Rebel 3199: Part 1: Dark Invasion,7.0, (9),50m,Animation
224. Nothing Unusual,8.8, (13),1h 32m,Animation
226. Mustafa,6.9, (76),1h 15m,Animation
228. Il segreto di Liberato,7.3, (230),1h 30m,Animation
229. The Greatest Surf Movie in the Universe,4.7, (9),1h 21m,Animation
230. Code Geass: Rozé of the Recapture: Part 2,7.8, (28),1h 16m,Animation
232. Steal the Naughty List,6.2, (127),1h 30m,Animation
233. Sunburnt Unicorn,7.7, (13),1h 21m,Animation
234. Luv You Shankar,5.8, (44),2h,Animation
235. Dead Dead Demon's Dededede Destruction Zenpen,7.1, (143),2h,Animation
238. Riki Rhino: The Bird Kingdom,5.1, (25),1h 49m,Animation
243. Rocket Club: Across the Cosmos,8.4, (19),1h 8m,Animation
246. The Delegator,4.1, (17),1h 36m,Animation
247. Arne Alligator och djungelkompisarna,4.7, (51),1h 1m,Animation
249. Bizarros Peixes das Fossas Abissais,7.6, (15),1h 15m,Animation
255. The Ballad of Straw Hat Sam,9.2, (11),45m,Animation
256. Gintama the Movie 2D: Courtesan of the Nation Arc,8.0, (9),1h 49m,Animation
258. The Car Acrobatic Team Saga,7.2, (11),1h 52m,Animation
259. Isle: Alpha One,8.4, (7),1h 37m,Animation
261. Zuzubalândia: O Filme,6.0, (12),1h,Animation
264. Bob a Bobek ve filmu: Na stope Mrkvojeda,7.2, (32),1h 20m,Animation
267. Love Live! Nijigasaki High School Idol Club Final Chapter Part 1,7.4, (15),59m,Animation
268. Abá e Sua Banda,7.2, (14),1h 24m,Animation
270. Phool Ka Chhand,7.4, (15),1h 21m,Animation
271. Code Geass: Rozé of the Recapture: Part 4,6.6, (15),1h 10m,Animation
273. Iris the Movie: Full Energy!!,7.3, (8),1h,Animation
278. Code Geass: Rozé of the Recapture: Part 3,7.4, (25),1h 16m,Animation
280. LUDA,7.2, (6),1h 26m,Animation
281. Skazochnyy patrul. Shou prodolzhayetsya,7.2, (11),1h 5m,Animation
"290. Hey, Tete",6.4, (9),2h 31m,Animation
302. Zapiski yunogo vracha,3.5, (7),1h 26m,Animation
306. Animal Adventures: Save the Forest,7.7, (34),1h 25m,Animation
308. Let's Go! Anpanman: Baikinman and Lulun,6.5, (7),1h 4m,Animation
310. Ekip: Siberay - Günes Firtinasi,6.0, (14),1h 12m,Animation
311. Nasreddin Hoca: Zaman Yolcusu - Kadim Medeniyetler,7.7, (12),1h 18m,Animation
315. 2475 Dawn of Revolution,6.3, (153),2h 7m,Animation
316. Sirds likums,6.8, (17),1h 5m,Animation
322. Turbozavry. God drakona,9.2, (43),48m,Animation
323. Velký Pán,7.0, (9),1h 13m,Animation
327. Ninja Doomscrolling,8.1, (102),1h 36m,Animation
345. Bie ba zuo wen dang hui shi er,7.2, (12),1h 29m,Animation
1. A Complete Unknown,7.3, (90K),2h 21m,Biography
2. I'm Still Here,8.2, (112K),2h 17m,Biography
3. Better Man,7.6, (31K),2h 15m,Biography
4. The Apprentice,7.1, (59K),2h 2m,Biography
5. Saturday Night,6.9, (33K),1h 49m,Biography
6. Queer,6.4, (23K),2h 17m,Biography
7. Maria,6.4, (21K),2h 4m,Biography
8. Queen of the Ring,6.4, (2K),2h 9m,Biography
9. William Tell,5.7, (3K),2h 14m,Biography
10. Ordinary Angels,7.4, (16K),1h 58m,Biography
11. Nr. 24,7.5, (16K),1h 51m,Biography
12. The Bibi Files,7.5, (1.3K),1h 55m,Biography
13. Young Woman and the Sea,7.5, (18K),2h 9m,Biography
14. Back to Black,6.3, (27K),2h 2m,Biography
15. The Fire Inside,6.7, (3K),1h 49m,Biography
16. Piece by Piece,6.9, (6K),1h 33m,Biography
17. Reagan,6.1, (11K),2h 21m,Biography
18. The Beach Boys,7.1, (2.2K),1h 53m,Biography
19. Unfrosted,5.5, (35K),1h 37m,Biography
20. Joy,7.1, (9.9K),1h 55m,Biography
21. Bob Marley: One Love,6.2, (35K),1h 47m,Biography
22. Pavements,7.2, (325),2h 8m,Biography
23. Amaran,8.1, (19K),2h 47m,Biography
24. Harbin,6.2, (938),1h 48m,Biography
25. Boléro,6.6, (863),2h,Biography
26. Cabrini,7.3, (9K),2h 22m,Biography
27. Scoop,6.5, (20K),1h 42m,Biography
28. The Remarkable Life of Ibelin,8.2, (13K),1h 43m,Biography
29. Saint-Exupéry,5.4, (492),1h 38m,Biography
30. Bonhoeffer,6.2, (3.9K),2h 13m,Biography
31. The Great Lillian Hall,7.3, (2.1K),1h 50m,Biography
32. El 47,7.2, (3.5K),1h 50m,Biography
33. Winner,6.5, (2.7K),1h 43m,Biography
34. Being Maria,6.1, (761),1h 40m,Biography
35. Chandu Champion,7.8, (34K),2h 22m,Biography
36. One to One: John & Yoko,7.3, (586),1h 41m,Biography
37. Monsieur Aznavour,7.3, (2.8K),2h 13m,Biography
38. Maharaj,6.5, (15K),2h 11m,Biography
39. Super/Man: The Christopher Reeve Story,8.0, (9.6K),1h 44m,Biography
40. Faith of Angels,5.9, (279),1h 38m,Biography
41. Goebbels and the Führer,6.7, (2.6K),2h 15m,Biography
42. Music by John Williams,8.2, (5K),1h 45m,Biography
43. Liza: A Truly Terrific Absolutely True Story,7.6, (444),1h 44m,Biography
44. Rob Peace,6.5, (2.2K),2h,Biography
"45. From Hilde, with Love",7.0, (1.1K),2h 5m,Biography
46. Riefenstahl,7.1, (799),1h 55m,Biography
47. Marco,6.8, (1.4K),1h 48m,Biography
48. La casa,6.9, (971),1h 23m,Biography
49. Elton John: Never Too Late,6.5, (2K),1h 42m,Biography
50. Bir Cumhuriyet Sarkisi,7.4, (1.3K),2h 8m,Biography
51. Drazen,6.6, (1.5K),1h 40m,Biography
52. Amar Singh Chamkila,7.8, (16K),2h 25m,Biography
53. Avicii - I'm Tim,7.7, (7.3K),1h 35m,Biography
54. The Flood,6.3, (346),1h 41m,Biography
55. Jim Henson: Idea Man,7.7, (3.9K),1h 51m,Biography
56. Shirley,6.2, (3.4K),1h 57m,Biography
57. Hayatla Baris,6.3, (402),2h 5m,Biography
58. Ernest Cole: Lost and Found,7.3, (398),1h 45m,Biography
59. Luther: Never Too Much,8.1, (905),1h 41m,Biography
60. Biggest Heist Ever,6.1, (1.6K),1h 25m,Biography
"61. Sarah Bernhardt, la divine",6.4, (338),1h 38m,Biography
62. Srikanth,7.4, (14K),2h 14m,Biography
63. Maidaan,7.9, (23K),3h 1m,Biography
64. Race for Glory: Audi vs. Lancia,5.8, (5K),1h 49m,Biography
65. Midas Man,6.4, (1.7K),1h 52m,Biography
66. Audrey's Children,7.1, (430),1h 50m,Biography
67. Sube a mi Nube,6.1, (36),1h 50m,Biography
"68. Disco, Ibiza, Locomía",6.0, (1.6K),1h 44m,Biography
69. Papa,7.5, (348),2h 11m,Biography
70. The Great Ambition,7.1, (859),2h 3m,Biography
71. The Ballad of Davy Crockett,4.6, (255),1h 36m,Biography
72. Quisling: The Final Days,7.1, (1.3K),2h 26m,Biography
73. Federer: Twelve Final Days,7.3, (4.2K),1h 28m,Biography
74. The Firing Squad,5.1, (5.1K),1h 33m,Biography
75. Ravens,8.0, (80),1h 57m,Biography
76. I Am: Celine Dion,7.7, (7.9K),1h 43m,Biography
77. Marcella,8.9, (31),1h 37m,Biography
78. Atatürk II: 1881-1919,8.9, (2.3K),2h 21m,Biography
79. From Roger Moore with Love,7.3, (445),1h 19m,Biography
80. Never Look Away,7.1, (286),1h 25m,Biography
81. Bogart: Life Comes in Flashes,6.9, (473),1h 39m,Biography
82. Oscar Wilde About America,4.6, (35),1h 38m,Biography
83. Harimau Malaya: The Untold Journey,8.2, (23),2h 5m,Biography
84. Unexplainable,7.1, (315),1h 56m,Biography
85. Niki,6.1, (461),1h 38m,Biography
86. Freedom,5.9, (1.4K),1h 50m,Biography
87. Limonov: The Ballad of Eddie,5.9, (1.1K),2h 18m,Biography
88. I Am Nevenka,7.0, (1.2K),1h 52m,Biography
89. Stelios,7.3, (1.6K),2h 12m,Biography
91. Hola Frida,7.1, (38),1h 22m,Biography
92. Garbo: Where Did You Go?,5.9, (223),1h 30m,Biography
93. Harta Tahta Raisa,4.0, (72),1h 50m,Biography
94. Dharmaveer 2,5.3, (11K),2h 10m,Biography
95. Gundi: Legend of Love,8.9, (5.6K),2h 46m,Biography
96. Swatantra Veer Savarkar,7.7, (18K),2h 56m,Biography
97. Nedelja,7.2, (1.9K),2h 10m,Biography
98. Becoming Madonna,6.9, (301),1h 31m,Biography
99. Blue Road: The Edna O'Brien Story,8.1, (94),1h 39m,Biography
100. Tears of Cem Karaca,7.2, (2.2K),2h 3m,Biography
101. The Shamrock Spitfire,5.2, (494),1h 48m,Biography
102. Prodigieuses,6.6, (197),1h 41m,Biography
103. ZEF: The Story of Die Antwoord,7.3, (827),1h 30m,Biography
104. Cranko,6.9, (212),2h 13m,Biography
105. Miyazaki: Spirit of Nature,7.1, (287),1h 24m,Biography
106. Beautiful Rebel,6.3, (1K),1h 52m,Biography
107. Nahir,4.7, (1.2K),2h 2m,Biography
108. Oxana,6.5, (76),1h 43m,Biography
109. Karina. The Mowgli Girl,6.8, (36),1h 31m,Biography
110. Havnaa,7.1, (284),1h 50m,Biography
111. Gary,6.6, (551),1h 31m,Biography
112. Sabbath Queen,8.0, (69),1h 45m,Biography
113. Lula,5.5, (196),1h 30m,Biography
114. The Truth vs. Alex Jones,7.5, (3K),2h 1m,Biography
115. Main Atal Hoon,6.9, (6.3K),2h 19m,Biography
116. Fanon,6.6, (151),2h 12m,Biography
117. Janis Ian: Breaking Silence,8.2, (104),1h 54m,Biography
118. Samia: Little Dreamer,6.8, (156),1h 42m,Biography
119. Filmlovers!,6.0, (186),1h 28m,Biography
121. Road Diary: Bruce Springsteen and the E Street Band,7.7, (1K),1h 39m,Biography
122. Ol' Dirty Bastard: A Tale of Two Dirtys,6.7, (224),1h 26m,Biography
123. Vindication Swim,6.0, (216),1h 38m,Biography
124. Blur: To the End,7.2, (721),1h 44m,Biography
125. Diddy: Summit to Plummet,2.4, (219),1h,Biography
126. Faye,7.1, (3.1K),1h 31m,Biography
127. Chhatrapati Sambhaji,5.4, (234),3h 6m,Biography
129. Invention,6.5, (50),1h 12m,Biography
130. Levoton Tuhkimo,6.4, (454),1h 28m,Biography
131. Laura,6.4, (247),1h 44m,Biography
132. Chhava,8.4, (2.3K),51m,Biography
134. Simona Kossak,6.1, (379),1h 40m,Biography
135. Iki Gözüm Ahmet: Sürgün,3.7, (141),1h 53m,Biography
137. Wingless,7.3, (190),1h 50m,Biography
138. Jenni,6.8, (46),1h 53m,Biography
139. Ae Watan Mere Watan,4.7, (1.4K),2h 13m,Biography
140. House of Ga'a,4.0, (490),1h 59m,Biography
141. Stevie Van Zandt: Disciple,7.9, (687),2h 27m,Biography
142. The Movie Man,7.7, (193),1h 29m,Biography
143. Yatra 2,6.3, (9.7K),2h 12m,Biography
144. Sadik Ahmet,7.7, (432),2h 5m,Biography
145. The World According to Allee Willis,8.0, (96),1h 37m,Biography
146. National Theatre Live: Nye,8.0, (279),2h 40m,Biography
147. Nasty,7.7, (1.1K),1h 43m,Biography
149. Münter & Kandinsky,6.3, (112),2h 6m,Biography
150. Becoming Hitchcock: The Legacy of Blackmail,7.2, (282),1h 12m,Biography
151. Memoir Seorang Guru,7.1, (133),2h,Biography
153. The Life and Deaths of Christopher Lee,7.2, (481),1h 39m,Biography
154. Satyashodhak,8.3, (382),2h 25m,Biography
155. The Sidemen Story,6.6, (1.7K),1h 39m,Biography
156. Saint Nick of Bethlehem,8.9, (104),1h 33m,Biography
157. Padatik,8.0, (114),2h 6m,Biography
158. The Ballad of Suzanne Césaire,5.8, (38),1h 15m,Biography
159. Kulej. All That Glitters Isn't Gold,6.4, (346),2h 28m,Biography
160. The Man Who Loved UFOs,5.2, (613),1h 47m,Biography
161. Hyper: The Stevie Hyper D Story,8.8, (30),1h 31m,Biography
162. Ennio Doris - C'è anche domani,5.2, (106),1h 30m,Biography
163. Cookster: The Darkest Days,8.3, (42),1h 59m,Biography
164. Bröderna Andersson,7.2, (125),1h 24m,Biography
165. Don't Ever Stop,9.4, (32),1h 25m,Biography
166. Chabuca,6.7, (253),1h 53m,Biography
167. Silvio,3.1, (533),1h 54m,Biography
168. Miséria,4.2, (107),1h 39m,Biography
169. La Grande,9.0, (42),1h 35m,Biography
170. Raghuveer,8.9, (68),2h 5m,Biography
171. Lafran,8.4, (20),1h 39m,Biography
172. Mit einem Tiger schlafen,6.8, (156),1h 47m,Biography
173. Sharon Stone: Survival Instinct,6.8, (73),52m,Biography
174. Blood'less' Revolution,6.7, (317),1h 43m,Biography
175. Klitschko: More than a Fight,6.3, (514),1h 36m,Biography
176. Pastor's Kid,6.6, (43),1h 31m,Biography
177. Estimados Señores,7.6, (63),1h 38m,Biography
"178. Carville: Winning Is Everything, Stupid!",7.2, (276),1h 38m,Biography
179. Patrice: The Movie,8.3, (232),1h 42m,Biography
180. Bach - Ein Weihnachtswunder,6.2, (169),1h 29m,Biography
181. Diane von Furstenberg: Woman in Charge,7.2, (320),1h 37m,Biography
182. Beethoven's Nine: Ode to Humanity,6.7, (25),1h 25m,Biography
183. Suzzanna: The Queen of Black Magic,6.5, (48),1h 28m,Biography
184. Gold,7.7, (77),2h 6m,Biography
185. Funmilayo Ransome-Kuti,8.5, (98),1h 31m,Biography
186. Komandir,6.3, (534),2h 11m,Biography
187. Vivekam,8.2, (309),1h 44m,Biography
188. Concepción,8.7, (27),2h 20m,Biography
189. Budi Bog s nama,6.1, (16),1h 30m,Biography
190. Daytime Revolution,6.8, (104),1h 48m,Biography
191. Rock Bottom,6.2, (55),1h 26m,Biography
192. Knockout Blonde: The Kellie Maloney Story,6.0, (23),1h 30m,Biography
193. Michael Jackson: Ungloved,6.4, (26),1h,Biography
194. Glenn Fredly: The Movie,6.7, (130),2h 1m,Biography
195. Born to Be Wild: The Story of Steppenwolf,7.2, (41),1h 40m,Biography
196. Madu,5.3, (268),1h 40m,Biography
"197. Siggi - drengen, der blev FBI-spion",6.8, (115),1h 30m,Biography
198. Faruk,6.6, (425),1h 37m,Biography
201. Son Sarki - Ahmet'in Türküsü,1.6, (115),1h 41m,Biography
203. Il était une fois Michel Legrand,7.9, (47),1h 49m,Biography
204. Hope of Escape,7.7, (44),1h 31m,Biography
205. Taghiev: Oil,9.2, (85),2h,Biography
206. Padu,5.1, (82),1h 37m,Biography
207. Obraz,7.6, (22),1h 35m,Biography
208. Spyral,8.4, (22),1h 23m,Biography
209. Go Against the Flow,5.3, (164),1h 37m,Biography
211. La Joia: Bad Gyal,5.7, (88),1h 32m,Biography
212. Schindler Space Architect,7.7, (10),1h 33m,Biography
215. The Legend of Sudarshan Chakra,9.0, (25),2h 40m,Biography
217. Charmian Clift: Life Burns High,7.9, (15),1h 20m,Biography
"219. Steven Spielberg, l'homme et l'enfant",6.7, (53),56m,Biography
220. Ett hjärta är alltid rött,7.1, (400),1h 43m,Biography
221. Un hombre libre,8.0, (10),1h 28m,Biography
222. Niepewnosc. Zakochany Mickiewicz,3.6, (55),1h 53m,Biography
223. Pod szarym niebem,7.2, (45),1h 21m,Biography
224. Ruki vverkh!,5.5, (268),1h 42m,Biography
226. Paul Anka: His Way,7.3, (12),1h 40m,Biography
227. The Man Died,3.2, (7),1h 45m,Biography
228. Der Soldat Monika,6.8, (32),1h 49m,Biography
230. Parviz Khan,5.9, (219),1h 50m,Biography
231. Joachim and the Apocalypse,7.5, (16),1h 30m,Biography
233. Shahid,6.5, (84),1h 24m,Biography
234. Fedya. Narodnyy futbolist,6.1, (130),2h 5m,Biography
"235. Kati: Eine Kür, die bleibt",6.1, (85),1h 39m,Biography
237. Maurice And I,8.9, (26),1h 38m,Biography
238. Yaremchuk: Nezrivniannyi svit krasy,8.6, (477),1h 32m,Biography
239. COMA,9.4, (12),1h 20m,Biography
246. All Access to Rossa 25 Shining Years,8.7, (66),1h 31m,Biography
248. Giroud,6.4, (27),1h 20m,Biography
250. Powstaniec 1863,5.3, (143),1h 55m,Biography
251. To Our Friends,7.5, (15),1h 30m,Biography
252. Beethoven's Nine,7.2, (12),1h 30m,Biography
253. Im Schatten der Träume,8.2, (10),1h 30m,Biography
256. Ninety Minutes Later,7.4, (5),1h 28m,Biography
258. Zuckerberg: King of the Metaverse,5.7, (263),1h 30m,Biography
259. Main Mulayam Singh Yadav,3.8, (201),2h,Biography
260. Who Killed Lawrence of Arabia?,6.5, (32),1h 40m,Biography
"262. Sean Penn, L'enfant terrible de l'Amérique",7.1, (44),52m,Biography
"263. François Truffaut, le scénario de ma vie",6.9, (46),1h 38m,Biography
264. Reba McEntire: Country Gold,7.5, (10),1h,Biography
268. Waldo,6.6, (7),1h 44m,Biography
270. Tapes of Revolution,9.4, (7),1h 15m,Biography
271. La herencia de Flora,5.8, (6),2h 14m,Biography
272. It'll Never Work,9.6, (30),57m,Biography
"273. Marisol, llámame Pepa",6.8, (118),1h 27m,Biography
275. Not Taken: Origins,9.8, (7),1h 9m,Biography
276. Barnen från Camp Ashraf,5.3, (20),1h 28m,Biography
277. O familie aproape perfecta,5.5, (9),1h 28m,Biography
281. Ray of Hope,7.0, (11),1h 45m,Biography
"283. Dolly Parton: Bigger Hair, Bigger Heart",7.4, (13),1h,Biography
284. Me Dicen El Panzer,6.8, (8),1h 30m,Biography
287. La valanga azzurra,7.6, (11),1h 30m,Biography
288. The Truth: The Journey Within,7.2, (9),1h 31m,Biography
289. Lulu in Turin,8.5, (6),1h 16m,Biography
290. Phool Ka Chhand,7.4, (15),1h 21m,Biography
292. Nonkonform,7.7, (22),1h 57m,Biography
295. 9 sekund,4.6, (65),1h 31m,Biography
297. Cartas Telepáticas,5.2, (37),1h 10m,Biography
302. Looking for Simone,7.3, (16),1h 33m,Biography
304. Carles Sabater. No espereu res de mi,8.1, (19),1h 15m,Biography
308. The Ballad of John and Yoko,8.5, (17),1h 41m,Biography
314. Golpe a Golpe (Blow by Blow),8.1, (23),1h 30m,Biography
320. Zvanetskiy,9.2, (7),1h 30m,Biography
321. Janet Jackson: In Control,5.7, (9),1h,Biography
325. Riv i hjertet,7.2, (36),1h 47m,Biography
327. Maria,4.2, (23),1h,Biography
332. No More Trouble - Cosa rimane di una tempesta,8.6, (20),1h 37m,Biography
"337. Mary, Marianna, Maria: Ta agnosta ellinika hronia tis Kallas",7.9, (16),1h 43m,Biography
338. Shaking It Up: The Life and Times of Liz Carpenter,8.0, (9),1h 17m,Biography
339. Brev til Håkon Banken,8.2, (30),1h 20m,Biography
340. Soares é Fixe,4.8, (79),1h 23m,Biography
341. Il ricercatore,6.4, (9),1h 11m,Biography
342. Toquinho: Encontros e um Violão,8.6, (5),1h 30m,Biography
344. Manyam Dheerudu,5.2, (3.5K),1h 54m,Biography
351. ¡Qué suerte hemos tenido!,7.5, (16),1h 2m,Biography
358. Nebesko,5.1, (10),1h 13m,Biography
363. Graciano Rocchigiani - Das Herz eines Boxers,9.2, (51),2h 3m,Biography
364. Veljko od mora,7.2, (16),53m,Biography
365. Insula Fondane (Fondane Island),8.7, (12),1h 22m,Biography
"370. Jacques Demy, le rose et le noir",7.0, (14),1h 28m,Biography
371. Palace Guardians,9.3, (8),1h 4m,Biography
"372. Lupicinio Rodrigues, Confissões de um Sofredor",7.4, (7),1h 39m,Biography
380. Iyunskaya polyn,8.7, (7),1h 19m,Biography
394. Gevart,7.3, (70),34m,Biography
395. Giannis Spanos: Piso ap' ti markiza,7.8, (18),1h 58m,Biography
"396. Georges Pompidou, la cruauté du pouvoir",6.5, (7),1h 44m,Biography
411. 87 Candles,9.0, (10),55m,Biography
412. Nollbudget,8.3, (11),1h 12m,Biography
428. Davaj Paradiso,9.1, (28),1h 3m,Biography
429. Ago,8.0, (6),1h 20m,Biography
430. Beyaz Zenciler: Yapim Asamasi,8.6, (5),55m,Biography
